compartment,timepoint,mouse,region,cd44_rate,n_support,scale_um
CD45,D1,MS1,cortex,0.6699613992062168,1053,10.0
CD45,D1,MS2,cortex,0.8290013679890561,731,10.0
CD45,D3,MS1,cortex,0.8145639288738358,1181,10.0
CD45,D3,MS2,cortex,0.7106190476190476,1450,10.0
CD45,D7,MS1,cortex,0.928665824915825,2406,10.0
CD45,D7,MS2,cortex,0.9104204753199269,1641,10.0
CD45,Sham,MS1,cortex,0.6402964443106233,1209,10.0
CD45,Sham,MS2,cortex,0.7129485179407177,641,10.0
CD206,D1,MS1,cortex,0.43251823840220494,1756,10.0
CD206,D1,MS2,cortex,0.5472127417519909,879,10.0
CD206,D3,MS1,cortex,0.7639902676399026,822,10.0
CD206,D3,MS2,cortex,0.5575611823676839,2135,10.0
CD206,D7,MS1,cortex,0.84868685892279,2548,10.0
CD206,D7,MS2,cortex,0.9124293785310734,1416,10.0
CD206,Sham,MS1,cortex,0.42324604260308774,1248,10.0
CD206,Sham,MS2,cortex,0.4034519956850054,927,10.0
CD31,D1,MS1,cortex,0.5514857416726575,1636,10.0
CD31,D1,MS2,cortex,0.6213333333333333,750,10.0
CD31,D3,MS1,cortex,0.6591695501730104,1156,10.0
CD31,D3,MS2,cortex,0.5085098182872756,2297,10.0
CD31,D7,MS1,cortex,0.6944645179939297,2530,10.0
CD31,D7,MS2,cortex,0.8103813559322034,944,10.0
CD31,Sham,MS1,cortex,0.5013415892672859,1223,10.0
CD31,Sham,MS2,cortex,0.5421133231240429,653,10.0
CD34,D1,MS1,cortex,0.4784015430898232,1803,10.0
CD34,D1,MS2,cortex,0.5514771709937332,1117,10.0
CD34,D3,MS1,cortex,0.6686346863468635,1355,10.0
CD34,D3,MS2,cortex,0.4944011191808549,2615,10.0
CD34,D7,MS1,cortex,0.6828220354268204,2853,10.0
CD34,D7,MS2,cortex,0.7538280329799765,849,10.0
CD34,Sham,MS1,cortex,0.452563459110888,1040,10.0
CD34,Sham,MS2,cortex,0.42771084337349397,664,10.0
CD140b,D1,MS1,cortex,0.5803673493017145,2020,10.0
CD140b,D1,MS2,cortex,0.6371212121212121,1320,10.0
CD140b,D3,MS1,cortex,0.7136054421768707,1470,10.0
CD140b,D3,MS2,cortex,0.6720490380915904,2188,10.0
CD140b,D7,MS1,cortex,0.8263064523240166,3094,10.0
CD140b,D7,MS2,cortex,0.864475201845444,1734,10.0
CD140b,Sham,MS1,cortex,0.6068258134572755,1192,10.0
CD140b,Sham,MS2,cortex,0.58968850698174,931,10.0
endothelial_cd31cd34,D1,MS1,cortex,0.5551948051948052,1274,10.0
endothelial_cd31cd34,D1,MS2,cortex,0.6324655436447167,653,10.0
endothelial_cd31cd34,D3,MS1,cortex,0.6740384615384616,1040,10.0
endothelial_cd31cd34,D3,MS2,cortex,0.5208478567123427,2113,10.0
endothelial_cd31cd34,D7,MS1,cortex,0.6965666061885281,2334,10.0
endothelial_cd31cd34,D7,MS2,cortex,0.8071428571428572,700,10.0
endothelial_cd31cd34,Sham,MS1,cortex,0.5713744588744589,650,10.0
endothelial_cd31cd34,Sham,MS2,cortex,0.528604118993135,437,10.0
neutrophil,D1,MS1,cortex,0.25041578120668945,295,10.0
neutrophil,D1,MS2,cortex,0.5934065934065934,91,10.0
neutrophil,D3,MS1,cortex,0.8901098901098901,91,10.0
neutrophil,D3,MS2,cortex,0.625,324,10.0
neutrophil,D7,MS1,cortex,0.9705882352941176,329,10.0
neutrophil,D7,MS2,cortex,1.0,201,10.0
neutrophil,Sham,MS1,cortex,0.34350256171401955,246,10.0
neutrophil,Sham,MS2,cortex,0.35555555555555557,135,10.0
CD45,D1,MS1,medulla,0.5856873822975518,531,10.0
CD45,D1,MS2,medulla,0.6429880348011625,1319,10.0
CD45,D3,MS1,medulla,0.6006781904688818,1449,10.0
CD45,D3,MS2,medulla,0.8649193548387096,992,10.0
CD45,D7,MS1,medulla,0.5470653377630121,903,10.0
CD45,D7,MS2,medulla,0.3836925960637301,2720,10.0
CD45,Sham,MS1,medulla,0.5710982658959538,865,10.0
CD45,Sham,MS2,medulla,0.48802464326422257,912,10.0
CD206,D1,MS1,medulla,0.42655935613682094,497,10.0
CD206,D1,MS2,medulla,0.4605329007163247,2204,10.0
CD206,D3,MS1,medulla,0.48427464008859356,1953,10.0
CD206,D3,MS2,medulla,0.7411376751854906,1213,10.0
CD206,D7,MS1,medulla,0.3674164962508521,1467,10.0
CD206,D7,MS2,medulla,0.37080616112223713,1630,10.0
CD206,Sham,MS1,medulla,0.5068912710566615,653,10.0
CD206,Sham,MS2,medulla,0.3154671010214123,802,10.0
CD31,D1,MS1,medulla,0.4337152209492635,611,10.0
CD31,D1,MS2,medulla,0.5303166776945352,1678,10.0
CD31,D3,MS1,medulla,0.4015263334061653,1861,10.0
CD31,D3,MS2,medulla,0.6859504132231405,1089,10.0
CD31,D7,MS1,medulla,0.3123425692695214,1191,10.0
CD31,D7,MS2,medulla,0.31011453931807914,2312,10.0
CD31,Sham,MS1,medulla,0.6171171171171171,444,10.0
CD31,Sham,MS2,medulla,0.3647900841297068,1329,10.0
CD34,D1,MS1,medulla,0.36980306345733044,914,10.0
CD34,D1,MS2,medulla,0.4704267192262702,2121,10.0
CD34,D3,MS1,medulla,0.38833993711077586,1981,10.0
CD34,D3,MS2,medulla,0.6751085383502171,1382,10.0
CD34,D7,MS1,medulla,0.33083956774729845,1203,10.0
CD34,D7,MS2,medulla,0.3265033121101035,2160,10.0
CD34,Sham,MS1,medulla,0.5089058524173028,786,10.0
CD34,Sham,MS2,medulla,0.3320849538011841,1137,10.0
CD140b,D1,MS1,medulla,0.5235294117647059,680,10.0
CD140b,D1,MS2,medulla,0.5925063775510204,2162,10.0
CD140b,D3,MS1,medulla,0.5823772126003364,1896,10.0
CD140b,D3,MS2,medulla,0.772391125718981,1217,10.0
CD140b,D7,MS1,medulla,0.4935960591133005,1015,10.0
CD140b,D7,MS2,medulla,0.5437183090269186,1596,10.0
CD140b,Sham,MS1,medulla,0.6066066066066066,666,10.0
CD140b,Sham,MS2,medulla,0.5698551186842225,843,10.0
endothelial_cd31cd34,D1,MS1,medulla,0.4602587800369686,541,10.0
endothelial_cd31cd34,D1,MS2,medulla,0.5457671266398729,1403,10.0
endothelial_cd31cd34,D3,MS1,medulla,0.4139237966841607,1579,10.0
endothelial_cd31cd34,D3,MS2,medulla,0.7012987012987013,1001,10.0
endothelial_cd31cd34,D7,MS1,medulla,0.33462657613967023,1031,10.0
endothelial_cd31cd34,D7,MS2,medulla,0.34067732439306103,1715,10.0
endothelial_cd31cd34,Sham,MS1,medulla,0.6522781774580336,417,10.0
endothelial_cd31cd34,Sham,MS2,medulla,0.43136200716845874,670,10.0
neutrophil,D1,MS1,medulla,0.2956521739130435,115,10.0
neutrophil,D1,MS2,medulla,0.502127659574468,226,10.0
neutrophil,D3,MS1,medulla,0.5757575757575757,330,10.0
neutrophil,D3,MS2,medulla,0.8833333333333333,120,10.0
neutrophil,D7,MS1,medulla,0.61,200,10.0
neutrophil,D7,MS2,medulla,0.6565011820330969,276,10.0
neutrophil,Sham,MS1,medulla,0.42857142857142855,91,10.0
neutrophil,Sham,MS2,medulla,0.21944637211812784,230,10.0
CD45,D1,MS1,pooled,0.6418700602366618,1584,10.0
CD45,D1,MS2,pooled,0.704992479197127,2050,10.0
CD45,D3,MS1,pooled,0.6719734366038664,2630,10.0
CD45,D3,MS2,pooled,0.7620524833589349,2442,10.0
CD45,D7,MS1,pooled,0.801465662531554,3309,10.0
CD45,D7,MS2,pooled,0.5592685558157957,4361,10.0
CD45,Sham,MS1,pooled,0.6172303848390668,2074,10.0
CD45,Sham,MS2,pooled,0.5629992681563876,1553,10.0
CD206,D1,MS1,pooled,0.4305319443137436,2253,10.0
CD206,D1,MS2,pooled,0.48942618106154673,3083,10.0
CD206,D3,MS1,pooled,0.5775131826056966,2775,10.0
CD206,D3,MS2,pooled,0.6187533466402861,3348,10.0
CD206,D7,MS1,pooled,0.6882634046988106,4015,10.0
CD206,D7,MS2,pooled,0.5513472335918492,3046,10.0
CD206,Sham,MS1,pooled,0.45112778542094567,1901,10.0
CD206,Sham,MS2,pooled,0.34479539924261005,1729,10.0
CD31,D1,MS1,pooled,0.5122289014315262,2247,10.0
CD31,D1,MS2,pooled,0.5606555629074679,2428,10.0
CD31,D3,MS1,pooled,0.4874074056617803,3017,10.0
CD31,D3,MS2,pooled,0.5676566832658972,3386,10.0
CD31,D7,MS1,pooled,0.5670905350857937,3721,10.0
CD31,D7,MS2,pooled,0.47687014485612056,3256,10.0
CD31,Sham,MS1,pooled,0.5399334318838963,1667,10.0
CD31,Sham,MS2,pooled,0.4238978304611522,1982,10.0
CD34,D1,MS1,pooled,0.44220204987899225,2717,10.0
CD34,D1,MS2,pooled,0.4974435364820912,3238,10.0
CD34,D3,MS1,pooled,0.4817715201894717,3336,10.0
CD34,D3,MS2,pooled,0.5546369255706423,3997,10.0
CD34,D7,MS1,pooled,0.565494546200313,4056,10.0
CD34,D7,MS2,pooled,0.4689448857333945,3009,10.0
CD34,Sham,MS1,pooled,0.471344256879693,1826,10.0
CD34,Sham,MS2,pooled,0.3639602503252874,1801,10.0
CD140b,D1,MS1,pooled,0.5614213701227116,2700,10.0
CD140b,D1,MS2,pooled,0.6073779890744176,3482,10.0
CD140b,D3,MS1,pooled,0.6261199557925144,3366,10.0
CD140b,D3,MS2,pooled,0.705496400634054,3405,10.0
CD140b,D7,MS1,pooled,0.7154029879204445,4109,10.0
CD140b,D7,MS2,pooled,0.6506372732997604,3330,10.0
CD140b,Sham,MS1,pooled,0.6067527445070525,1858,10.0
CD140b,Sham,MS2,pooled,0.5764662481167283,1774,10.0
endothelial_cd31cd34,D1,MS1,pooled,0.5235494634755263,1815,10.0
endothelial_cd31cd34,D1,MS2,pooled,0.5746665989748209,2056,10.0
endothelial_cd31cd34,D3,MS1,pooled,0.5006286849689277,2619,10.0
endothelial_cd31cd34,D3,MS2,pooled,0.5809981382411289,3114,10.0
endothelial_cd31cd34,D7,MS1,pooled,0.5759199295055755,3365,10.0
endothelial_cd31cd34,D7,MS2,pooled,0.4961658353096598,2415,10.0
endothelial_cd31cd34,Sham,MS1,pooled,0.5983423650689838,1067,10.0
endothelial_cd31cd34,Sham,MS2,pooled,0.4637760444433508,1107,10.0
neutrophil,D1,MS1,pooled,0.2654945787754741,410,10.0
neutrophil,D1,MS2,pooled,0.5325539708518432,317,10.0
neutrophil,D3,MS1,pooled,0.6805416805416805,421,10.0
neutrophil,D3,MS2,pooled,0.7111111111111111,444,10.0
neutrophil,D7,MS1,pooled,0.8503921568627452,529,10.0
neutrophil,D7,MS2,pooled,0.7710007880220647,477,10.0
neutrophil,Sham,MS1,pooled,0.3718588506664892,337,10.0
neutrophil,Sham,MS2,pooled,0.26481609993060373,365,10.0
CD45,D1,MS1,cortex,0.7496296296296296,258,20.0
CD45,D1,MS2,cortex,0.907608695652174,184,20.0
CD45,D3,MS1,cortex,0.7151335311572701,337,20.0
CD45,D3,MS2,cortex,0.681440990516333,354,20.0
CD45,D7,MS1,cortex,0.9658139055085619,632,20.0
CD45,D7,MS2,cortex,0.8955555555555555,450,20.0
CD45,Sham,MS1,cortex,0.7076052125614185,306,20.0
CD45,Sham,MS2,cortex,0.8,155,20.0
CD206,D1,MS1,cortex,0.5126485115471899,557,20.0
CD206,D1,MS2,cortex,0.6550522648083623,287,20.0
CD206,D3,MS1,cortex,0.7121212121212122,264,20.0
CD206,D3,MS2,cortex,0.5485221674876847,640,20.0
CD206,D7,MS1,cortex,0.8517358541344278,779,20.0
CD206,D7,MS2,cortex,0.9119047619047619,420,20.0
CD206,Sham,MS1,cortex,0.48993600930773706,371,20.0
CD206,Sham,MS2,cortex,0.520618556701031,194,20.0
CD31,D1,MS1,cortex,0.6219093406593406,390,20.0
CD31,D1,MS2,cortex,0.7298850574712644,174,20.0
CD31,D3,MS1,cortex,0.6253602305475504,347,20.0
CD31,D3,MS2,cortex,0.5151133203148115,608,20.0
CD31,D7,MS1,cortex,0.7350473752185889,837,20.0
CD31,D7,MS2,cortex,0.8062015503875969,258,20.0
CD31,Sham,MS1,cortex,0.5314756710991584,304,20.0
CD31,Sham,MS2,cortex,0.5842696629213483,178,20.0
CD34,D1,MS1,cortex,0.542934293429343,422,20.0
CD34,D1,MS2,cortex,0.6377551020408163,196,20.0
CD34,D3,MS1,cortex,0.6728624535315985,269,20.0
CD34,D3,MS2,cortex,0.5118421052631579,616,20.0
CD34,D7,MS1,cortex,0.7376647569953938,795,20.0
CD34,D7,MS2,cortex,0.7474747474747475,198,20.0
CD34,Sham,MS1,cortex,0.5202710116304586,289,20.0
CD34,Sham,MS2,cortex,0.441340782122905,179,20.0
CD140b,D1,MS1,cortex,0.5828936688311688,564,20.0
CD140b,D1,MS2,cortex,0.6586021505376344,372,20.0
CD140b,D3,MS1,cortex,0.6170212765957447,423,20.0
CD140b,D3,MS2,cortex,0.6150480552834335,601,20.0
CD140b,D7,MS1,cortex,0.8278908046271309,884,20.0
CD140b,D7,MS2,cortex,0.8544698544698545,481,20.0
CD140b,Sham,MS1,cortex,0.6923376255836988,265,20.0
CD140b,Sham,MS2,cortex,0.5968379446640316,253,20.0
endothelial_cd31cd34,D1,MS1,cortex,0.6421556122448979,307,20.0
endothelial_cd31cd34,D1,MS2,cortex,0.7272727272727273,143,20.0
endothelial_cd31cd34,D3,MS1,cortex,0.6733067729083665,251,20.0
endothelial_cd31cd34,D3,MS2,cortex,0.5284701332187366,540,20.0
endothelial_cd31cd34,D7,MS1,cortex,0.7387482897686979,750,20.0
endothelial_cd31cd34,D7,MS2,cortex,0.7885714285714286,175,20.0
endothelial_cd31cd34,Sham,MS1,cortex,0.6689791024323398,181,20.0
endothelial_cd31cd34,Sham,MS2,cortex,0.5271317829457365,129,20.0
CD45,D1,MS1,medulla,0.6764705882352942,136,20.0
CD45,D1,MS2,medulla,0.6843728222996516,339,20.0
CD45,D3,MS1,medulla,0.4500089110675459,367,20.0
CD45,D3,MS2,medulla,0.8909774436090225,266,20.0
CD45,D7,MS1,medulla,0.3888888888888889,198,20.0
CD45,D7,MS2,medulla,0.4818513296708639,642,20.0
CD45,Sham,MS1,medulla,0.5586854460093896,213,20.0
CD45,Sham,MS2,medulla,0.5863997113997114,183,20.0
CD206,D1,MS1,medulla,0.5826086956521739,115,20.0
CD206,D1,MS2,medulla,0.49330984117256527,504,20.0
CD206,D3,MS1,medulla,0.3075918436130772,620,20.0
CD206,D3,MS2,medulla,0.7968253968253968,315,20.0
CD206,D7,MS1,medulla,0.20140515222482436,427,20.0
CD206,D7,MS2,medulla,0.41957095129242133,477,20.0
CD206,Sham,MS1,medulla,0.527027027027027,148,20.0
CD206,Sham,MS2,medulla,0.3453081232492997,173,20.0
CD31,D1,MS1,medulla,0.5128205128205128,117,20.0
CD31,D1,MS2,medulla,0.5618279569892474,405,20.0
CD31,D3,MS1,medulla,0.35367647058823526,358,20.0
CD31,D3,MS2,medulla,0.6993243243243243,296,20.0
CD31,D7,MS1,medulla,0.1945945945945946,370,20.0
CD31,D7,MS2,medulla,0.41058858325939074,590,20.0
CD31,Sham,MS1,medulla,0.5855855855855856,111,20.0
CD31,Sham,MS2,medulla,0.3698899371069182,279,20.0
CD34,D1,MS1,medulla,0.46195652173913043,184,20.0
CD34,D1,MS2,medulla,0.5295842066504277,405,20.0
CD34,D3,MS1,medulla,0.3159340659340659,355,20.0
CD34,D3,MS2,medulla,0.7430555555555556,288,20.0
CD34,D7,MS1,medulla,0.2152777777777778,288,20.0
CD34,D7,MS2,medulla,0.41912895593019817,521,20.0
CD34,Sham,MS1,medulla,0.463768115942029,207,20.0
CD34,Sham,MS2,medulla,0.37385110294117646,213,20.0
CD140b,D1,MS1,medulla,0.5986394557823129,147,20.0
CD140b,D1,MS2,medulla,0.5934104683195592,488,20.0
CD140b,D3,MS1,medulla,0.5268511730205279,300,20.0
CD140b,D3,MS2,medulla,0.7658959537572254,346,20.0
CD140b,D7,MS1,medulla,0.4069767441860465,172,20.0
CD140b,D7,MS2,medulla,0.6233166602539437,408,20.0
CD140b,Sham,MS1,medulla,0.5591397849462365,186,20.0
CD140b,Sham,MS2,medulla,0.621836702212319,164,20.0
endothelial_cd31cd34,D1,MS1,medulla,0.5643564356435643,101,20.0
endothelial_cd31cd34,D1,MS2,medulla,0.5677123706169349,332,20.0
endothelial_cd31cd34,D3,MS1,medulla,0.3729411067662045,271,20.0
endothelial_cd31cd34,D3,MS2,medulla,0.756,250,20.0
endothelial_cd31cd34,D7,MS1,medulla,0.2109090909090909,275,20.0
endothelial_cd31cd34,D7,MS2,medulla,0.4542730386052304,395,20.0
endothelial_cd31cd34,Sham,MS1,medulla,0.5818181818181818,110,20.0
endothelial_cd31cd34,Sham,MS2,medulla,0.49468599033816424,114,20.0
CD45,D1,MS1,pooled,0.7252432824981844,394,20.0
CD45,D1,MS2,pooled,0.7587847800838258,523,20.0
CD45,D3,MS1,pooled,0.5383837844307873,704,20.0
CD45,D3,MS2,pooled,0.7512864748805628,620,20.0
CD45,D7,MS1,pooled,0.7735055666353375,830,20.0
CD45,D7,MS2,pooled,0.6197527382990945,1092,20.0
CD45,Sham,MS1,pooled,0.6579652903774088,519,20.0
CD45,Sham,MS2,pooled,0.6575998075998076,338,20.0
CD206,D1,MS1,pooled,0.5359685729155179,672,20.0
CD206,D1,MS2,pooled,0.5472239823844977,791,20.0
CD206,D3,MS1,pooled,0.4424349664491222,884,20.0
CD206,D3,MS2,pooled,0.6312899106002554,955,20.0
CD206,D7,MS1,pooled,0.6349589534978933,1206,20.0
CD206,D7,MS2,pooled,0.5836822214965348,897,20.0
CD206,Sham,MS1,pooled,0.5022996818808337,519,20.0
CD206,Sham,MS2,pooled,0.40374493439987685,367,20.0
CD31,D1,MS1,pooled,0.585546398046398,507,20.0
CD31,D1,MS2,pooled,0.617846990483253,579,20.0
CD31,D3,MS1,pooled,0.44423772390800703,705,20.0
CD31,D3,MS2,pooled,0.5765169883179825,904,20.0
CD31,D7,MS1,pooled,0.5548964483439242,1207,20.0
CD31,D7,MS2,pooled,0.542459572302126,848,20.0
CD31,Sham,MS1,pooled,0.5495123092613007,415,20.0
CD31,Sham,MS2,pooled,0.44134984571172825,457,20.0
CD34,D1,MS1,pooled,0.5159417028659388,606,20.0
CD34,D1,MS2,pooled,0.5656411717805572,601,20.0
CD34,D3,MS1,pooled,0.4349101951332434,624,20.0
CD34,D3,MS2,pooled,0.5889132553606238,904,20.0
CD34,D7,MS1,pooled,0.5635357639228551,1083,20.0
CD34,D7,MS2,pooled,0.5285775531117146,719,20.0
CD34,Sham,MS1,pooled,0.5014367130676488,496,20.0
CD34,Sham,MS2,pooled,0.3963476626684193,392,20.0
CD140b,D1,MS1,pooled,0.5881422644815503,711,20.0
CD140b,D1,MS2,pooled,0.6151410290589175,860,20.0
CD140b,D3,MS1,pooled,0.5569078742122668,723,20.0
CD140b,D3,MS2,pooled,0.6653306881080309,947,20.0
CD140b,D7,MS1,pooled,0.687586117813436,1056,20.0
CD140b,D7,MS2,pooled,0.7003677249925806,889,20.0
CD140b,Sham,MS1,pooled,0.6479383453712114,451,20.0
CD140b,Sham,MS2,pooled,0.6135037830295565,417,20.0
endothelial_cd31cd34,D1,MS1,pooled,0.6162225533777868,408,20.0
endothelial_cd31cd34,D1,MS2,pooled,0.6208991561688658,475,20.0
endothelial_cd31cd34,D3,MS1,pooled,0.4730629954802585,522,20.0
endothelial_cd31cd34,D3,MS2,pooled,0.6043134221458244,790,20.0
endothelial_cd31cd34,D7,MS1,pooled,0.5628018901488289,1025,20.0
endothelial_cd31cd34,D7,MS2,pooled,0.5657058352606298,570,20.0
endothelial_cd31cd34,Sham,MS1,pooled,0.6399254622276205,291,20.0
endothelial_cd31cd34,Sham,MS2,pooled,0.5055012545406883,243,20.0
CD45,D1,MS1,cortex,0.8,60,40.0
CD45,D1,MS2,cortex,0.9833333333333333,60,40.0
CD45,D3,MS1,cortex,0.6333333333333333,60,40.0
CD45,D3,MS2,cortex,0.8235294117647058,82,40.0
CD45,D7,MS1,cortex,0.8675574308485701,133,40.0
CD45,D7,MS2,cortex,0.9529411764705882,85,40.0
CD45,Sham,MS1,cortex,0.7013888888888888,77,40.0
CD45,Sham,MS2,cortex,0.8148148148148148,27,40.0
CD206,D1,MS1,cortex,0.5677884615384616,132,40.0
CD206,D1,MS2,cortex,0.8658536585365854,82,40.0
CD206,D3,MS1,cortex,0.6470588235294118,51,40.0
CD206,D3,MS2,cortex,0.6336842105263157,132,40.0
CD206,D7,MS1,cortex,0.7606992163954189,163,40.0
CD206,D7,MS2,cortex,0.8865979381443299,97,40.0
CD206,Sham,MS1,cortex,0.5676638176638177,93,40.0
CD206,Sham,MS2,cortex,0.6470588235294118,34,40.0
CD31,D1,MS1,cortex,0.7308184143222507,80,40.0
CD31,D1,MS2,cortex,0.8493150684931506,73,40.0
CD31,D3,MS1,cortex,0.6,50,40.0
CD31,D3,MS2,cortex,0.684469696969697,106,40.0
CD31,D7,MS1,cortex,0.627895752895753,130,40.0
CD31,D7,MS2,cortex,0.8541666666666666,48,40.0
CD31,Sham,MS1,cortex,0.6962962962962963,62,40.0
CD31,Sham,MS2,cortex,0.5555555555555556,45,40.0
CD34,D1,MS1,cortex,0.6403225806451613,92,40.0
CD34,D1,MS2,cortex,0.8571428571428571,63,40.0
CD34,D3,MS1,cortex,0.6792452830188679,53,40.0
CD34,D3,MS2,cortex,0.7265745007680491,94,40.0
CD34,D7,MS1,cortex,0.6147169811320754,103,40.0
CD34,D7,MS2,cortex,0.8666666666666667,15,40.0
CD34,Sham,MS1,cortex,0.5914502164502164,65,40.0
CD34,Sham,MS2,cortex,0.43902439024390244,41,40.0
CD140b,D1,MS1,cortex,0.6233870967741936,122,40.0
CD140b,D1,MS2,cortex,0.8333333333333334,90,40.0
CD140b,D3,MS1,cortex,0.5797101449275363,69,40.0
CD140b,D3,MS2,cortex,0.6971544715447155,131,40.0
CD140b,D7,MS1,cortex,0.7281698564593302,164,40.0
CD140b,D7,MS2,cortex,0.8888888888888888,81,40.0
CD140b,Sham,MS1,cortex,0.6525719267654752,68,40.0
CD140b,Sham,MS2,cortex,0.56,50,40.0
endothelial_cd31cd34,D1,MS1,cortex,0.7268181818181818,69,40.0
endothelial_cd31cd34,D1,MS2,cortex,0.8548387096774194,62,40.0
endothelial_cd31cd34,D3,MS1,cortex,0.6363636363636364,44,40.0
endothelial_cd31cd34,D3,MS2,cortex,0.7605820105820106,83,40.0
endothelial_cd31cd34,D7,MS1,cortex,0.6580446131941149,92,40.0
endothelial_cd31cd34,D7,MS2,cortex,1.0,13,40.0
endothelial_cd31cd34,Sham,MS1,cortex,0.7367788461538461,45,40.0
endothelial_cd31cd34,Sham,MS2,cortex,0.5,34,40.0
CD45,D1,MS1,medulla,0.6363636363636364,22,40.0
CD45,D1,MS2,medulla,0.7738095238095238,68,40.0
CD45,D3,MS1,medulla,0.375,56,40.0
CD45,D3,MS2,medulla,0.6521739130434783,69,40.0
CD45,D7,MS1,medulla,0.3870967741935484,31,40.0
CD45,D7,MS2,medulla,0.6182728410513141,81,40.0
CD45,Sham,MS1,medulla,0.8,50,40.0
CD45,Sham,MS2,medulla,0.4583333333333333,25,40.0
CD206,D1,MS1,medulla,0.5789473684210527,19,40.0
CD206,D1,MS2,medulla,0.5705705705705706,110,40.0
CD206,D3,MS1,medulla,0.22351694915254236,131,40.0
CD206,D3,MS2,medulla,0.660377358490566,53,40.0
CD206,D7,MS1,medulla,0.16091954022988506,87,40.0
CD206,D7,MS2,medulla,0.3993055555555556,34,40.0
CD206,Sham,MS1,medulla,0.84,25,40.0
CD206,Sham,MS2,medulla,0.045454545454545456,19,40.0
CD31,D1,MS1,medulla,0.5625,16,40.0
CD31,D1,MS2,medulla,0.7081575246132208,88,40.0
CD31,D3,MS1,medulla,0.2822124450031427,80,40.0
CD31,D3,MS2,medulla,0.5540540540540541,74,40.0
CD31,D7,MS1,medulla,0.1794871794871795,78,40.0
CD31,D7,MS2,medulla,0.4520460358056266,114,40.0
CD31,Sham,MS1,medulla,0.8,30,40.0
CD31,Sham,MS2,medulla,0.2148148148148148,42,40.0
CD34,D1,MS1,medulla,0.4,25,40.0
CD34,D1,MS2,medulla,0.6045568039950062,107,40.0
CD34,D3,MS1,medulla,0.2947674418604651,63,40.0
CD34,D3,MS2,medulla,0.6808510638297872,47,40.0
CD34,D7,MS1,medulla,0.25,60,40.0
CD34,D7,MS2,medulla,0.4340909090909091,75,40.0
CD34,Sham,MS1,medulla,0.7894736842105263,38,40.0
CD34,Sham,MS2,medulla,0.3333333333333333,39,40.0
CD140b,D1,MS1,medulla,0.7333333333333333,15,40.0
CD140b,D1,MS2,medulla,0.6566091954022989,99,40.0
CD140b,D3,MS1,medulla,0.3869047619047619,57,40.0
CD140b,D3,MS2,medulla,0.5588235294117647,68,40.0
CD140b,D7,MS1,medulla,0.40625,32,40.0
CD140b,D7,MS2,medulla,0.7171717171717171,62,40.0
CD140b,Sham,MS1,medulla,0.8095238095238095,42,40.0
CD140b,Sham,MS2,medulla,0.3392857142857143,19,40.0
endothelial_cd31cd34,D1,MS1,medulla,0.6666666666666666,12,40.0
endothelial_cd31cd34,D1,MS2,medulla,0.7628205128205128,84,40.0
endothelial_cd31cd34,D3,MS1,medulla,0.3157894736842105,57,40.0
endothelial_cd31cd34,D3,MS2,medulla,0.6956521739130435,46,40.0
endothelial_cd31cd34,D7,MS1,medulla,0.23214285714285715,56,40.0
endothelial_cd31cd34,D7,MS2,medulla,0.4782608695652174,62,40.0
endothelial_cd31cd34,Sham,MS1,medulla,0.8214285714285714,28,40.0
endothelial_cd31cd34,Sham,MS2,medulla,0.3666666666666667,16,40.0
CD45,D1,MS1,pooled,0.7454545454545455,82,40.0
CD45,D1,MS2,pooled,0.8436507936507937,128,40.0
CD45,D3,MS1,pooled,0.4611111111111111,116,40.0
CD45,D3,MS2,pooled,0.7664109121909634,151,40.0
CD45,D7,MS1,pooled,0.7074038786302296,164,40.0
CD45,D7,MS2,pooled,0.7298289528577389,166,40.0
CD45,Sham,MS1,pooled,0.7342592592592593,127,40.0
CD45,Sham,MS2,pooled,0.5771604938271605,52,40.0
CD206,D1,MS1,pooled,0.5715080971659919,151,40.0
CD206,D1,MS2,pooled,0.6689982665592421,192,40.0
CD206,D3,MS1,pooled,0.36469757394483215,182,40.0
CD206,D3,MS2,pooled,0.6425819265143992,185,40.0
CD206,D7,MS1,pooled,0.5607726576735743,250,40.0
CD206,D7,MS2,pooled,0.5617363497518136,131,40.0
CD206,Sham,MS1,pooled,0.6584425451092117,118,40.0
CD206,Sham,MS2,pooled,0.24598930481283424,53,40.0
CD31,D1,MS1,pooled,0.6747122762148338,96,40.0
CD31,D1,MS2,pooled,0.7552100392398641,161,40.0
CD31,D3,MS1,pooled,0.3881416300020952,130,40.0
CD31,D3,MS2,pooled,0.640997815997816,180,40.0
CD31,D7,MS1,pooled,0.4784262284262284,208,40.0
CD31,D7,MS2,pooled,0.5860862460926399,162,40.0
CD31,Sham,MS1,pooled,0.7308641975308642,92,40.0
CD31,Sham,MS2,pooled,0.32839506172839505,87,40.0
CD34,D1,MS1,pooled,0.5602150537634408,117,40.0
CD34,D1,MS2,pooled,0.6887521550442899,170,40.0
CD34,D3,MS1,pooled,0.4229267222465994,116,40.0
CD34,D3,MS2,pooled,0.7113333551219618,141,40.0
CD34,D7,MS1,pooled,0.49314465408805025,163,40.0
CD34,D7,MS2,pooled,0.5782828282828283,90,40.0
CD34,Sham,MS1,pooled,0.6574580390369864,103,40.0
CD34,Sham,MS2,pooled,0.3685636856368564,80,40.0
CD140b,D1,MS1,pooled,0.6600358422939068,137,40.0
CD140b,D1,MS2,pooled,0.7155172413793104,189,40.0
CD140b,D3,MS1,pooled,0.45117322291235334,126,40.0
CD140b,D3,MS2,pooled,0.6510441575003986,199,40.0
CD140b,D7,MS1,pooled,0.6208632376395534,196,40.0
CD140b,D7,MS2,pooled,0.7744107744107743,143,40.0
CD140b,Sham,MS1,pooled,0.7048892210182532,110,40.0
CD140b,Sham,MS2,pooled,0.41285714285714287,69,40.0
endothelial_cd31cd34,D1,MS1,pooled,0.7067676767676767,81,40.0
endothelial_cd31cd34,D1,MS2,pooled,0.7934932451061484,146,40.0
endothelial_cd31cd34,D3,MS1,pooled,0.4226475279106858,101,40.0
endothelial_cd31cd34,D3,MS2,pooled,0.7389387316923548,129,40.0
endothelial_cd31cd34,D7,MS1,pooled,0.516077361177029,148,40.0
endothelial_cd31cd34,D7,MS2,pooled,0.6521739130434783,75,40.0
endothelial_cd31cd34,Sham,MS1,pooled,0.7649954212454212,73,40.0
endothelial_cd31cd34,Sham,MS2,pooled,0.41111111111111115,50,40.0
