scale_um,region,timepoint,category,enrichment_score,log2_enrichment,n_focal_cells,n_rois,n_mice_effective,below_min_support,insufficient_support,mouse_values
10.0,Cortex,D1,endothelial,1.287708815953563,0.3648063999177885,1155,3,2,False,False,"[0.25932852404696827, 0.4702842757886088]"
10.0,Cortex,D1,endothelial+immune,1.255522131735372,0.32828745996221925,725,3,2,False,False,"[0.32008134147007383, 0.3364935784543647]"
10.0,Cortex,D1,endothelial+immune+stromal,1.3339492471553014,0.4157037772644323,1804,3,2,False,False,"[0.3916518857887541, 0.4397556687401106]"
10.0,Cortex,D1,endothelial+stromal,1.6078766583987156,0.6851567403840899,813,3,2,False,False,"[0.42856320104723217, 0.9417502797209476]"
10.0,Cortex,D1,immune,1.503177325041335,0.5880152094323743,501,3,2,False,False,"[0.3809069090061519, 0.7951235098585967]"
10.0,Cortex,D1,immune+stromal,2.4917602933503558,1.3171652881740161,355,3,2,False,False,"[1.0153278718209957, 1.6190027045270365]"
10.0,Cortex,D1,none,1.403430758141455,0.488957886543569,1463,3,2,False,False,"[0.35176197291604666, 0.6261538001710912]"
10.0,Cortex,D1,stromal,1.5858513436539081,0.665257540383059,340,3,2,False,False,"[0.6262998852299895, 0.7042151955361284]"
10.0,Cortex,D3,endothelial,1.6247314089080827,0.7002012399479982,1055,3,2,False,False,"[0.7837920635126651, 0.6166104163833315]"
10.0,Cortex,D3,endothelial+immune,1.6300935124115796,0.7049547288874778,704,3,2,False,False,"[0.47333391458670165, 0.9365755431882539]"
10.0,Cortex,D3,endothelial+immune+stromal,1.2695909393695104,0.3443637373080083,2436,3,2,False,False,"[0.36889380422668455, 0.319833670389332]"
10.0,Cortex,D3,endothelial+stromal,1.9813860638990304,0.9865100100645117,746,3,2,False,False,"[1.4530069713865121, 0.5200130487425112]"
10.0,Cortex,D3,immune,2.5825606970723065,1.368802256674525,301,3,2,False,False,"[1.6892920280676949, 1.0483124852813552]"
10.0,Cortex,D3,immune+stromal,3.0009929712679586,1.5854399399529508,452,3,2,False,False,"[1.7256788424472351, 1.4452010374586666]"
10.0,Cortex,D3,none,1.74417714421233,0.8025465722812428,1245,3,2,False,False,"[0.9468188938371589, 0.6582742507253266]"
10.0,Cortex,D3,stromal,3.5088243889276285,1.8109877449577791,260,3,2,False,False,"[2.8043533859949816, 0.8176221039205765]"
10.0,Cortex,D7,endothelial,2.9402546120817674,1.5559410910081857,759,3,2,False,False,"[1.078414230406761, 2.03346795160961]"
10.0,Cortex,D7,endothelial+immune,2.114550699267264,1.0803511513833108,548,3,2,False,False,"[0.6603682069234813, 1.5003340958431404]"
10.0,Cortex,D7,endothelial+immune+stromal,1.3308930376146118,0.4123946281214643,3173,3,2,False,False,"[0.35405776139776035, 0.47073149484516835]"
10.0,Cortex,D7,endothelial+stromal,3.770393913628922,1.9147152575924524,393,3,2,False,False,"[1.336151176875715, 2.49327933830919]"
10.0,Cortex,D7,immune,2.0942331030110735,1.0664220334059231,248,3,2,False,False,"[0.766099587746331, 1.3667444790655154]"
10.0,Cortex,D7,immune+stromal,2.630715010602574,1.3954549675992127,895,3,2,False,False,"[1.557629551917852, 1.2332803832805732]"
10.0,Cortex,D7,none,2.43708500339605,1.2851565718816196,1111,3,2,False,False,"[1.2198737584788582, 1.3504393852843812]"
10.0,Cortex,D7,stromal,3.0984711605870743,1.6315565403051213,142,3,2,False,False,"[1.5103302416561128, 1.7527828389541296]"
10.0,Cortex,Sham,endothelial,1.4314606674006054,0.5174880295928144,951,3,2,False,False,"[0.5134070797462117, 0.521568979439417]"
10.0,Cortex,Sham,endothelial+immune,1.1849475915013448,0.24482325224325263,637,3,2,False,False,"[0.2654577479832099, 0.2241887565032953]"
10.0,Cortex,Sham,endothelial+immune+stromal,1.5478760559188085,0.6302899542535012,1440,3,2,False,False,"[0.6797749230018784, 0.580804985505124]"
10.0,Cortex,Sham,endothelial+stromal,1.5335499939988309,0.6168751994829977,596,3,2,False,False,"[0.6125353105063929, 0.6212150884596027]"
10.0,Cortex,Sham,immune,1.3878000243079154,0.4727996970773227,658,3,2,False,False,"[0.30766097150336025, 0.6379384226512852]"
10.0,Cortex,Sham,immune+stromal,1.7908496900866466,0.8406442538695245,617,3,2,False,False,"[0.7267076324982671, 0.954580875240782]"
10.0,Cortex,Sham,none,1.2459108317439385,0.31720082020452417,1915,3,2,False,False,"[0.33125702120110184, 0.3031446192079465]"
10.0,Cortex,Sham,stromal,1.5426317571631072,0.6253937161415828,385,3,2,False,False,"[0.6511660197351542, 0.5996214125480114]"
10.0,Medulla,D1,endothelial,1.5165242911642605,0.6007686067398926,960,3,2,False,False,"[0.5604541913855835, 0.6410830220942018]"
10.0,Medulla,D1,endothelial+immune,1.6603881740351933,0.7315205616256237,524,3,2,False,False,"[0.6128289276040386, 0.850212195647209]"
10.0,Medulla,D1,endothelial+immune+stromal,1.3760388296649202,0.4605211812134287,1861,3,2,False,False,"[0.5752264008062777, 0.3458159616205797]"
10.0,Medulla,D1,endothelial+stromal,1.435257750238921,0.521309846029715,1119,3,2,False,False,"[0.5540069501215696, 0.4886127419378603]"
10.0,Medulla,D1,immune,1.9082139128031297,0.9322229080529657,373,3,2,False,False,"[1.140903543780409, 0.7235422723255225]"
10.0,Medulla,D1,immune+stromal,2.466107101397127,1.3022354563908838,560,3,2,False,False,"[1.0795475457701083, 1.5249233670116595]"
10.0,Medulla,D1,none,1.5905411882681741,0.6695177320414256,1428,3,2,False,False,"[0.7401640715583668, 0.5988713925244845]"
10.0,Medulla,D1,stromal,1.8075276672175216,0.8540177301927288,479,3,2,False,False,"[1.0136170366241537, 0.6944184237613038]"
10.0,Medulla,D3,endothelial,1.6545828584240647,0.7264675409368151,989,3,2,False,False,"[0.7332915371801625, 0.7196435446934677]"
10.0,Medulla,D3,endothelial+immune,1.781092290903029,0.8327622745408245,626,3,2,False,False,"[0.8610270156406001, 0.8044975334410489]"
10.0,Medulla,D3,endothelial+immune+stromal,1.2332235469056982,0.3024343413301548,2135,3,2,False,False,"[0.291234308206206, 0.3136343744541036]"
10.0,Medulla,D3,endothelial+stromal,1.4738079374978261,0.5595485287251929,802,3,2,False,False,"[0.5385593772040767, 0.5805376802463093]"
10.0,Medulla,D3,immune,2.351556406838629,1.233615938570697,367,3,2,False,False,"[0.9616624267660705, 1.5055694503753236]"
10.0,Medulla,D3,immune+stromal,2.438706596802992,1.286116196510652,584,3,2,False,False,"[0.966198806902935, 1.6060335861183688]"
10.0,Medulla,D3,none,1.5380613970293697,0.6211130946013268,1295,3,2,False,False,"[0.4592011204844937, 0.7830250687181599]"
10.0,Medulla,D3,stromal,2.2665749831467052,1.1805138894500202,409,3,2,False,False,"[0.5881214042595335, 1.7729063746405072]"
10.0,Medulla,D7,endothelial,2.0763444329661396,1.0540457840209185,901,3,2,False,False,"[0.8924071678655147, 1.2156844001763223]"
10.0,Medulla,D7,endothelial+immune,2.054022728053711,1.0384521453703077,1011,3,2,False,False,"[1.0351876328136658, 1.04171665792695]"
10.0,Medulla,D7,endothelial+immune+stromal,1.3568759962033727,0.4402888800515762,2470,3,2,False,False,"[0.36832589084093875, 0.5122518692622136]"
10.0,Medulla,D7,endothelial+stromal,2.55603489422615,1.3539075316618228,471,3,2,False,False,"[0.9173321695957478, 1.7904828937278978]"
10.0,Medulla,D7,immune,2.5075938994884113,1.326303725080672,462,3,2,False,False,"[0.9864654016505447, 1.6661420485107992]"
10.0,Medulla,D7,immune+stromal,2.3468154288813547,1.2307043819938461,852,3,2,False,False,"[1.147077550796684, 1.3143312131910085]"
10.0,Medulla,D7,none,1.9957938516399425,0.9969627103664951,1011,3,2,False,False,"[0.8419465464804948, 1.1519788742524955]"
10.0,Medulla,D7,stromal,3.1874213743330606,1.6723897547530422,249,3,2,False,False,"[1.1697917824532629, 2.1749877270528213]"
10.0,Medulla,Sham,endothelial,1.5527741039519274,0.634847963136095,1081,3,2,False,False,"[0.8636469707700776, 0.4060489555021126]"
10.0,Medulla,Sham,endothelial+immune,1.6121640323211412,0.6889985407497161,535,3,2,False,False,"[0.9946989564801597, 0.3832981250192725]"
10.0,Medulla,Sham,endothelial+immune+stromal,1.4924108629862392,0.577644766419394,1514,3,2,False,False,"[0.8216344361465069, 0.3336550966922811]"
10.0,Medulla,Sham,endothelial+stromal,1.3893148268198934,0.47437355945309484,838,3,2,False,False,"[0.618793331248146, 0.32995378765804373]"
10.0,Medulla,Sham,immune,1.7525914366372386,0.8094897148446767,505,3,2,False,False,"[1.0972338674344466, 0.5217455622549068]"
10.0,Medulla,Sham,immune+stromal,1.7426632343846882,0.8012937989387399,652,3,2,False,False,"[0.9863413584885115, 0.6162462393889684]"
10.0,Medulla,Sham,none,1.455455219969848,0.5414704527061227,1705,3,2,False,False,"[0.6908937448573248, 0.3920471605549207]"
10.0,Medulla,Sham,stromal,1.849461785485376,0.887105491075417,546,3,2,False,False,"[1.1316029223102506, 0.6426080598405834]"
10.0,Pooled,D1,endothelial,1.3869607169073837,0.47192692657608876,2115,6,2,False,False,"[0.3597037464931734, 0.5841501066590041]"
10.0,Pooled,D1,endothelial+immune,1.4623800187732128,0.5483182633821615,1249,6,2,False,False,"[0.41766387018139545, 0.6789726565829275]"
10.0,Pooled,D1,endothelial+immune+stromal,1.3332860105031636,0.41498629406084264,3665,6,2,False,False,"[0.4528433907945953, 0.37712919732709]"
10.0,Pooled,D1,endothelial+stromal,1.4691871530780902,0.5550181859687837,1932,6,2,False,False,"[0.47037778407201136, 0.6396585878655561]"
10.0,Pooled,D1,immune,1.6142017483120257,0.6908209027170591,874,6,2,False,False,"[0.6342391205975709, 0.7474026848365471]"
10.0,Pooled,D1,immune+stromal,2.456337479264703,1.2965087879937425,915,6,2,False,False,"[1.0367344298040333, 1.5562831461834516]"
10.0,Pooled,D1,none,1.4586132794301836,0.5445974337684201,2891,6,2,False,False,"[0.48122933913015337, 0.6079655284066868]"
10.0,Pooled,D1,stromal,1.6546714764404722,0.7265448083571449,819,6,2,False,False,"[0.7554056023613777, 0.6976840143529119]"
10.0,Pooled,D3,endothelial,1.6251128668268673,0.7005399192221868,2044,6,2,False,False,"[0.7501250459576635, 0.6509547924867102]"
10.0,Pooled,D3,endothelial+immune,1.755853843957367,0.8121727609475764,1330,6,2,False,False,"[0.7317959819559673, 0.8925495399391855]"
10.0,Pooled,D3,endothelial+immune+stromal,1.2461208789735856,0.3174440226453107,4571,6,2,False,False,"[0.31712080687969885, 0.3177672384109225]"
10.0,Pooled,D3,endothelial+stromal,1.6152769926715111,0.6917815839209995,1548,6,2,False,False,"[0.8433752419315551, 0.540187925910444]"
10.0,Pooled,D3,immune,2.301331078774956,1.2024685504229784,668,6,2,False,False,"[1.2042056271999453, 1.2007314736460115]"
10.0,Pooled,D3,immune+stromal,2.5652249651546044,1.3590853528814677,1036,6,2,False,False,"[1.219358818751035, 1.4988118870119005]"
10.0,Pooled,D3,none,1.5809580834732584,0.6607991174958265,2540,6,2,False,False,"[0.6217403782687154, 0.6998578567229377]"
10.0,Pooled,D3,stromal,2.3480413191177902,1.2314577961659516,669,6,2,False,False,"[1.3268653981713496, 1.1360501941605534]"
10.0,Pooled,D7,endothelial,2.38228397497377,1.2523453967735485,1660,6,2,False,False,"[1.0164118762263457, 1.4882789173207513]"
10.0,Pooled,D7,endothelial+immune,1.9861141963032525,0.9899485763929448,1559,6,2,False,False,"[0.7853080155535427, 1.1945891372323467]"
10.0,Pooled,D7,endothelial+immune+stromal,1.3459387650890522,0.4286127745010091,5643,6,2,False,False,"[0.3588138045454865, 0.49841174445653175]"
10.0,Pooled,D7,endothelial+stromal,3.0538868469547653,1.6106466081853608,864,6,2,False,False,"[1.196544841115726, 2.0247483752549953]"
10.0,Pooled,D7,immune,2.302097375704236,1.20294885887172,710,6,2,False,False,"[0.8395548590477356, 1.5663428586957047]"
10.0,Pooled,D7,immune+stromal,2.556281254566528,1.3540465773824963,1747,6,2,False,False,"[1.4207788848774625, 1.2873142698875302]"
10.0,Pooled,D7,none,2.2284107789743297,1.1560151995379304,2122,6,2,False,False,"[1.0938980211460703, 1.2181323779297906]"
10.0,Pooled,D7,stromal,3.2841843077500106,1.7155350931375433,391,6,2,False,False,"[1.3968174219218294, 2.034252764353257]"
10.0,Pooled,Sham,endothelial,1.4513089517310775,0.5373546701176906,2032,6,2,False,False,"[0.6301537100875003, 0.4445556301478808]"
10.0,Pooled,Sham,endothelial+immune,1.337371158462831,0.4193999098314033,1172,6,2,False,False,"[0.5085381508155264, 0.3302616688472801]"
10.0,Pooled,Sham,endothelial+immune+stromal,1.4861192748472634,0.571549910173325,2954,6,2,False,False,"[0.7270614273834212, 0.41603839296322875]"
10.0,Pooled,Sham,endothelial+stromal,1.4347815538843665,0.5208311026727703,1434,6,2,False,False,"[0.6146213174203106, 0.42704088792523004]"
10.0,Pooled,Sham,immune,1.4800687857892347,0.5656642262670444,1163,6,2,False,False,"[0.5708519368137224, 0.5604765157203663]"
10.0,Pooled,Sham,immune+stromal,1.7066158234167998,0.7711383295839607,1269,6,2,False,False,"[0.8132522078283486, 0.7290244513395728]"
10.0,Pooled,Sham,none,1.325718486358523,0.4067744545962194,3620,6,2,False,False,"[0.4511359290865095, 0.3624129801059293]"
10.0,Pooled,Sham,stromal,1.6469484690665557,0.7197954156682895,931,6,2,False,False,"[0.811311653926853, 0.628279177409726]"
20.0,Cortex,D1,endothelial,1.2236667719797896,0.29121073787978574,220,3,2,False,False,"[0.07026355886680684, 0.5121579168927647]"
20.0,Cortex,D1,endothelial+immune,0.9426712531475014,-0.08517336125588987,126,3,2,False,False,"[-0.11690746355031914, -0.05343925896146061]"
20.0,Cortex,D1,endothelial+immune+stromal,1.0945331083729288,0.13031559505152837,524,3,2,False,False,"[0.1515042842080627, 0.10912690589499403]"
20.0,Cortex,D1,endothelial+stromal,1.3255492049682454,0.4065902246722483,137,3,2,False,False,"[0.22121907658208564, 0.591961372762411]"
20.0,Cortex,D1,immune,1.5117272092861525,0.5961978291646302,93,3,2,False,False,"[0.5374244880410489, 0.6549711702882114]"
20.0,Cortex,D1,immune+stromal,1.3930402729745268,0.4782369670423683,78,3,2,False,False,"[0.18415936016308398, 0.7723145739216526]"
20.0,Cortex,D1,none,1.091525600716192,0.12634596779381027,462,3,2,False,False,"[0.04972801915318706, 0.20296391643443348]"
20.0,Cortex,D1,stromal,1.0627763228269689,0.08783799206731047,80,3,2,False,False,"[-0.051873962418914274, 0.2275499465535352]"
20.0,Cortex,D3,endothelial,1.1916516467634863,0.252962557161708,228,3,2,False,False,"[0.24667457149361968, 0.2592505428297963]"
20.0,Cortex,D3,endothelial+immune,1.2461709692568845,0.3175020134487338,122,3,2,False,False,"[0.34856219050128345, 0.28644183639618415]"
20.0,Cortex,D3,endothelial+immune+stromal,1.0352681898951934,0.05000455140718313,728,3,2,False,False,"[0.08086192956448943, 0.019147173249876838]"
20.0,Cortex,D3,endothelial+stromal,1.1453586319467552,0.1957994022695136,146,3,2,False,False,"[0.0637573648882598, 0.3278414396507674]"
20.0,Cortex,D3,immune,1.4251125491615664,0.5110758615266986,38,3,2,False,False,"[0.22897256976016075, 0.7931791532932365]"
20.0,Cortex,D3,immune+stromal,1.8895096476185258,0.918011884851312,95,3,2,False,False,"[0.621289992538921, 1.214733777163703]"
20.0,Cortex,D3,none,1.0062753581467696,0.009025139611480496,285,3,2,False,False,"[0.05904756831784835, -0.040997289094887354]"
20.0,Cortex,D3,stromal,1.770778396203525,0.8243836775318343,62,3,2,False,False,"[1.4719493232527012, 0.1768180318109674]"
20.0,Cortex,D7,endothelial,2.33943779854311,1.2261618705335033,180,3,2,False,False,"[0.9193283324940702, 1.5329954085729365]"
20.0,Cortex,D7,endothelial+immune,1.8498250585415312,0.8873888387910096,97,3,2,False,False,"[1.2441494758229066, 0.5306282017591127]"
20.0,Cortex,D7,endothelial+immune+stromal,1.1547314219629523,0.20755733539887955,941,3,2,False,False,"[0.1270243428811111, 0.28809032791664796]"
20.0,Cortex,D7,endothelial+stromal,4.2695142238244195,2.094071932434227,91,3,2,False,False,"[1.60117901123615, 2.586964853632304]"
20.0,Cortex,D7,immune,,,47,3,1,False,True,[0.6325902456439056]
20.0,Cortex,D7,immune+stromal,2.405919171831601,1.266588175200404,189,3,2,False,False,"[1.6093400571788954, 0.9238362932219127]"
20.0,Cortex,D7,none,1.6552419383809758,0.727042103916022,210,3,2,False,False,"[0.591013365564501, 0.863070842267543]"
20.0,Cortex,D7,stromal,,,21,3,0,False,True,[]
20.0,Cortex,Sham,endothelial,1.2520522182485756,0.324294732747589,240,3,2,False,False,"[0.36998880227191633, 0.2786006632232617]"
20.0,Cortex,Sham,endothelial+immune,1.0709196631877629,0.09885025798940245,128,3,2,False,False,"[0.21597187410216856, -0.018271358123363654]"
20.0,Cortex,Sham,endothelial+immune+stromal,1.1549725912023803,0.20785861527285382,452,3,2,False,False,"[0.2793368471787949, 0.13638038336691272]"
20.0,Cortex,Sham,endothelial+stromal,1.4165705616130624,0.502402466420437,95,3,2,False,False,"[0.6265365219235728, 0.37826841091730123]"
20.0,Cortex,Sham,immune,1.0931690587030147,0.1285165311945337,102,3,2,False,False,"[0.02173680782198159, 0.23529625456708586]"
20.0,Cortex,Sham,immune+stromal,1.416420519046464,0.5022496486664849,123,3,2,False,False,"[0.22041415459821287, 0.7840851427347569]"
20.0,Cortex,Sham,none,1.0774691231276876,0.10764652680965899,494,3,2,False,False,"[0.08911822226298158, 0.1261748313563364]"
20.0,Cortex,Sham,stromal,1.5197236102147313,0.6038089668069946,76,3,2,False,False,"[0.3825610098229262, 0.825056923791063]"
20.0,Medulla,D1,endothelial,1.114929080114136,0.15695194420684827,140,3,2,False,False,"[-0.07782110709956577, 0.3917249955132623]"
20.0,Medulla,D1,endothelial+immune,1.1936928916644822,0.25543171376974627,84,3,2,False,False,"[-0.32674511118513816, 0.8376085387246307]"
20.0,Medulla,D1,endothelial+immune+stromal,1.2548974272436717,0.3275694460449228,551,3,2,False,False,"[0.4845367990749498, 0.17060209301489576]"
20.0,Medulla,D1,endothelial+stromal,1.3342341115508218,0.416011831394943,192,3,2,False,False,"[0.505543905245068, 0.326479757544818]"
20.0,Medulla,D1,immune,1.305124108938358,0.38418700437087727,113,3,2,False,False,"[0.2943910020895032, 0.4739830066522514]"
20.0,Medulla,D1,immune+stromal,1.997315791866958,0.9980624526327447,145,3,2,False,False,"[0.8782544669882071, 1.1178704382772824]"
20.0,Medulla,D1,none,1.2258109127352648,0.2937364535001125,431,3,2,False,False,"[0.6268583715747252, -0.03938546457450021]"
20.0,Medulla,D1,stromal,1.3517997559522574,0.4348814589495968,117,3,2,False,False,"[0.9094316027549412, -0.039668684855747635]"
20.0,Medulla,D3,endothelial,1.35730782154555,0.44074794423202857,164,3,2,False,False,"[0.4053319826227831, 0.47616390584127405]"
20.0,Medulla,D3,endothelial+immune,1.4142175780241315,0.50000409651821,161,3,2,False,False,"[0.8771514452508864, 0.12285674778553367]"
20.0,Medulla,D3,endothelial+immune+stromal,1.035954106621755,0.050960092198447056,565,3,2,False,False,"[0.02766040239762665, 0.07425978199926746]"
20.0,Medulla,D3,endothelial+stromal,1.7083354897426148,0.7725913249929351,137,3,2,False,False,"[0.9790981594704036, 0.5660844905154667]"
20.0,Medulla,D3,immune,2.181860803442535,1.1255590647280447,89,3,2,False,False,"[0.9356163037281602, 1.3155018257279294]"
20.0,Medulla,D3,immune+stromal,0.7030065053488194,-0.5083900553889014,131,3,2,False,False,"[0.6155804401590924, -1.6323605509368952]"
20.0,Medulla,D3,none,1.175613813950503,0.23341421646731067,330,3,2,False,False,"[0.27215676915662335, 0.194671663777998]"
20.0,Medulla,D3,stromal,1.515128064250065,0.599439740793977,90,3,2,False,False,"[0.7723463434712806, 0.4265331381166733]"
20.0,Medulla,D7,endothelial,1.8214808764615478,0.8651118484548822,223,3,2,False,False,"[0.4002730601442795, 1.329950636765485]"
20.0,Medulla,D7,endothelial+immune,1.9821318643260024,0.9870529431909254,244,3,2,False,False,"[0.8846046806551534, 1.0895012057266975]"
20.0,Medulla,D7,endothelial+immune+stromal,1.2697520095171702,0.34454675717436967,667,3,2,False,False,"[0.2913375102247818, 0.3977560041239575]"
20.0,Medulla,D7,endothelial+stromal,2.0243252416401334,1.0174411016947318,134,3,2,False,False,"[0.7381401378121949, 1.2967420655772686]"
20.0,Medulla,D7,immune,2.0252220238763483,1.018080078459918,100,3,2,False,False,"[0.5862424313455977, 1.4499177255742384]"
20.0,Medulla,D7,immune+stromal,1.99002646167269,0.9927876146232686,183,3,2,False,False,"[0.9516494434433317, 1.0339257858032054]"
20.0,Medulla,D7,none,1.509062196332059,0.5936522680850533,220,3,2,False,False,"[0.36227759019039596, 0.8250269459797106]"
20.0,Medulla,D7,stromal,3.537308554944364,1.822652068988661,54,3,2,False,False,"[1.7247333438767638, 1.920570794100558]"
20.0,Medulla,Sham,endothelial,1.0530069572594951,0.07451496833952106,202,3,2,False,False,"[-0.25484013008621564, 0.4038700667652578]"
20.0,Medulla,Sham,endothelial+immune,1.4614857097875806,0.5474357227331668,118,3,2,False,False,"[0.9087509376340465, 0.18612050783228717]"
20.0,Medulla,Sham,endothelial+immune+stromal,1.2699223998163138,0.34474034202056536,411,3,2,False,False,"[0.4228670109843062, 0.2666136730568245]"
20.0,Medulla,Sham,endothelial+stromal,1.61092329402677,0.6878878000892832,162,3,2,False,False,"[0.9027307409482228, 0.47304485923034356]"
20.0,Medulla,Sham,immune,1.6831860459996995,0.7511946495179951,113,3,2,False,False,"[0.7861316509700906, 0.7162576480658994]"
20.0,Medulla,Sham,immune+stromal,1.4236154035746262,0.5095594480618392,131,3,2,False,False,"[0.7073775395556792, 0.3117413565679991]"
20.0,Medulla,Sham,none,1.2783122394251638,0.3542402707532377,538,3,2,False,False,"[0.5319991478094384, 0.17648139369703703]"
20.0,Medulla,Sham,stromal,1.5988861900460825,0.6770672503256395,116,3,2,False,False,"[1.158970065808626, 0.1951644348426532]"
20.0,Pooled,D1,endothelial,1.169900353413597,0.22638565309222286,360,6,2,False,False,"[0.020902003544682635, 0.4318693026397631]"
20.0,Pooled,D1,endothelial+immune,1.130428410696083,0.17686963003367073,210,6,2,False,False,"[-0.18685334609525883, 0.5405926061626003]"
20.0,Pooled,D1,endothelial+immune+stromal,1.153735681419881,0.20631274323597681,1075,6,2,False,False,"[0.2625151224970251, 0.15011036397492852]"
20.0,Pooled,D1,endothelial+stromal,1.2883136078588304,0.36548382437688104,329,6,2,False,False,"[0.3159940194697464, 0.41497362928401565]"
20.0,Pooled,D1,immune,1.4244897169838022,0.5104452072637158,206,6,2,False,False,"[0.4564133260572003, 0.5644770884702314]"
20.0,Pooled,D1,immune+stromal,1.6347893761140413,0.7091047729650987,223,6,2,False,False,"[0.41552439577145833, 1.002685150158739]"
20.0,Pooled,D1,none,1.1032434888926088,0.14175123286108873,893,6,2,False,False,"[0.2421048032936998, 0.04139766242847768]"
20.0,Pooled,D1,stromal,1.1164995805207094,0.15898270912652543,197,6,2,False,False,"[0.26856122597237087, 0.04940419228067997]"
20.0,Pooled,D3,endothelial,1.2675130386704463,0.34200058804000877,392,6,2,False,False,"[0.35244617891306196, 0.3315549971669556]"
20.0,Pooled,D3,endothelial+immune,1.3816902734275447,0.466434250263493,283,6,2,False,False,"[0.7009550270010187, 0.23191347352596728]"
20.0,Pooled,D3,endothelial+immune+stromal,1.0291520483972663,0.04145614380979398,1293,6,2,False,False,"[0.04539424478658091, 0.03751804283300705]"
20.0,Pooled,D3,endothelial+stromal,1.4545976751699254,0.540620175607678,283,6,2,False,False,"[0.6739845612763556, 0.4072557899390005]"
20.0,Pooled,D3,immune,1.8368125966001472,0.8772044409580384,127,6,2,False,False,"[0.7000683924054938, 1.054340489510583]"
20.0,Pooled,D3,immune+stromal,1.3581030753947023,0.4415929793746028,226,6,2,False,False,"[0.6174836242857019, 0.26570233446350366]"
20.0,Pooled,D3,none,1.086237593018452,0.11933969870321973,615,6,2,False,False,"[0.2011203688770317, 0.03755902852940776]"
20.0,Pooled,D3,stromal,1.5505734513332208,0.6328018686556451,152,6,2,False,False,"[1.0055473367317542, 0.26005640057953605]"
20.0,Pooled,D7,endothelial,2.1023036576874556,1.071971067872721,403,6,2,False,False,"[0.7463099083774732, 1.3976322273679687]"
20.0,Pooled,D7,endothelial+immune,2.0191606605614982,1.0137557075855792,341,6,2,False,False,"[1.124301210766989, 0.9032102044041692]"
20.0,Pooled,D7,endothelial+immune+stromal,1.2070605839751376,0.2714980886919278,1608,6,2,False,False,"[0.18179539866233466, 0.361200778721521]"
20.0,Pooled,D7,endothelial+stromal,2.868224315634088,1.5201578575118893,225,6,2,False,False,"[1.3134993867614984, 1.7268163282622802]"
20.0,Pooled,D7,immune,1.842748050058571,0.8818588318048626,147,6,2,False,False,"[0.5862424313455977, 1.1774752322641275]"
20.0,Pooled,D7,immune+stromal,2.2873380029321178,1.193669570438241,372,6,2,False,False,"[1.3901098526003741, 0.9972292882761078]"
20.0,Pooled,D7,none,1.597967621148524,0.6762381759243938,430,6,2,False,False,"[0.514768107106466, 0.8377082447423215]"
20.0,Pooled,D7,stromal,3.537308554944364,1.822652068988661,75,6,2,False,False,"[1.7247333438767638, 1.920570794100558]"
20.0,Pooled,Sham,endothelial,1.1990676408409244,0.26191304520189906,442,6,2,False,False,"[0.16171249148587233, 0.36211359891792577]"
20.0,Pooled,Sham,endothelial+immune,1.2162535848009193,0.2824440572299324,246,6,2,False,False,"[0.4468982286127945, 0.11798988584707022]"
20.0,Pooled,Sham,endothelial+immune+stromal,1.210154632680483,0.27519140580374296,863,6,2,False,False,"[0.3271802351139653, 0.22320257649352057]"
20.0,Pooled,Sham,endothelial+stromal,1.49487721013953,0.5800269856955595,257,6,2,False,False,"[0.7186012615984562, 0.4414527097926628]"
20.0,Pooled,Sham,immune,1.3344415694024252,0.41623613621882305,215,6,2,False,False,"[0.2765350888713513, 0.5559371835662948]"
20.0,Pooled,Sham,immune+stromal,1.3434683034175792,0.42596228410381,254,6,2,False,False,"[0.3827352829173683, 0.4691892852902517]"
20.0,Pooled,Sham,none,1.1472890152210689,0.198228868514302,1032,6,2,False,False,"[0.23674519744513386, 0.15971253958347012]"
20.0,Pooled,Sham,stromal,1.4371855281079078,0.5232463131551413,192,6,2,False,False,"[0.6413640284848261, 0.40512859782545646]"
40.0,Cortex,D1,endothelial,1.1872166580553665,0.24758323993293163,31,3,2,False,False,"[0.16736181864183167, 0.3278046612240316]"
40.0,Cortex,D1,endothelial+immune,,,14,3,2,True,False,"[-1.8415991353567993, 1.2055489111730333]"
40.0,Cortex,D1,endothelial+immune+stromal,1.0058920810327785,0.008475531276148338,154,3,2,False,False,"[0.01670148292346067, 0.00024957962883600615]"
40.0,Cortex,D1,endothelial+stromal,1.1882045291113479,0.24878319281990946,30,3,2,False,False,"[0.02993189802654017, 0.46763448761327875]"
40.0,Cortex,D1,immune,,,6,3,1,True,True,[1.4506614090095653]
40.0,Cortex,D1,immune+stromal,,,7,2,0,True,True,[]
40.0,Cortex,D1,none,0.86848398932148,-0.20342884208228007,95,3,2,False,False,"[-0.23202878587035886, -0.17482889829420128]"
40.0,Cortex,D1,stromal,,,12,3,2,True,False,"[0.41328836680666925, -0.023269779322847028]"
40.0,Cortex,D3,endothelial,0.682964690427129,-0.5501171024078513,28,3,2,False,False,"[-1.6844981742720706, 0.5842639694563682]"
40.0,Cortex,D3,endothelial+immune,,,26,3,1,False,True,[-0.6844981742720706]
40.0,Cortex,D3,endothelial+immune+stromal,1.0355703826204048,0.05042560976966108,163,3,2,False,False,"[0.06638739733390166, 0.03446382220542051]"
40.0,Cortex,D3,endothelial+stromal,,,21,3,1,False,True,[0.5958812478793618]
40.0,Cortex,D3,immune,,,13,3,2,True,False,"[0.070389327891398, -0.1975999598851607]"
40.0,Cortex,D3,immune+stromal,,,11,3,2,True,False,"[0.4854268271702419, 1.446256229889564]"
40.0,Cortex,D3,none,0.9346152680840059,-0.0975554893033556,77,3,2,False,False,"[-0.028620677939767712, -0.16649030066694348]"
40.0,Cortex,D3,stromal,,,12,3,1,True,True,[1.2804226808457484]
40.0,Cortex,D7,endothelial,1.3899243252004492,0.4750063371717847,41,3,2,False,False,"[0.3168139879695657, 0.6331986863740037]"
40.0,Cortex,D7,endothelial+immune,,,8,3,1,True,True,[-0.023269779322847028]
40.0,Cortex,D7,endothelial+immune+stromal,1.157549235337862,0.21107355855429422,167,3,2,False,False,"[0.12026631119487091, 0.3018808059137175]"
40.0,Cortex,D7,endothelial+stromal,2.2828562168667244,1.1908399958982518,22,3,2,False,False,"[0.3536369546147006, 2.0280430371818032]"
40.0,Cortex,D7,immune,,,9,3,1,True,True,[0.6205864104518775]
40.0,Cortex,D7,immune+stromal,1.5110156248929145,0.5955185789931277,68,3,2,False,False,"[0.6566803749930815, 0.5343567829931738]"
40.0,Cortex,D7,none,1.3053225592303273,0.38440635629721964,60,3,2,False,False,"[-0.04881054491699188, 0.8176232575114312]"
40.0,Cortex,D7,stromal,,,4,2,0,True,True,[]
40.0,Cortex,Sham,endothelial,1.0541877102276718,0.0761317782681668,38,3,2,False,False,"[0.16635838642212003, -0.014094829885786418]"
40.0,Cortex,Sham,endothelial+immune,,,17,3,2,True,False,"[0.5148851726818788, 0.9884120257247881]"
40.0,Cortex,Sham,endothelial+immune+stromal,0.9471462021624055,-0.07834095657009589,123,3,2,False,False,"[-0.02550061297281206, -0.13118130016737972]"
40.0,Cortex,Sham,endothelial+stromal,,,16,3,2,True,False,"[-0.09114788805819544, 0.632268215499513]"
40.0,Cortex,Sham,immune,,,13,3,2,True,False,"[-1.6463630453852993, -0.5376567859427995]"
40.0,Cortex,Sham,immune+stromal,,,18,3,2,True,False,"[-0.2923549795040152, 1.4623432140572006]"
40.0,Cortex,Sham,none,1.0345801391711145,0.049045401511867925,106,3,2,False,False,"[-0.0401885718021113, 0.13827937482584715]"
40.0,Cortex,Sham,stromal,,,9,1,1,True,True,[0.3536369546147004]
40.0,Medulla,D1,endothelial,,,25,3,1,False,True,[0.8713962414586719]
40.0,Medulla,D1,endothelial+immune,,,17,3,1,True,True,[0.49683159044249126]
40.0,Medulla,D1,endothelial+immune+stromal,1.1858464642821092,0.24591723116746467,123,3,2,False,False,"[0.266669434071931, 0.2251650282629983]"
40.0,Medulla,D1,endothelial+stromal,1.3080160964548904,0.38738029476012303,35,3,2,False,False,"[0.6603303227253706, 0.1144302667948755]"
40.0,Medulla,D1,immune,,,4,2,2,True,False,"[2.6667565918848037, 2.6667565918848037]"
40.0,Medulla,D1,immune+stromal,,,18,3,1,True,True,[1.2337971846086973]
40.0,Medulla,D1,none,1.1455885637421466,0.1960889955545025,127,3,2,False,False,"[0.1992231747505418, 0.1929548163584632]"
40.0,Medulla,D1,stromal,1.3106798452729538,0.39031532702118643,24,3,2,False,False,"[0.607862902831235, 0.17276775121113783]"
40.0,Medulla,D3,endothelial,0.9748440208212861,-0.03675669488620187,30,3,2,False,False,"[-0.974829114912997, 0.9013157251405932]"
40.0,Medulla,D3,endothelial+immune,,,16,3,2,True,False,"[-0.0831412353002457, 0.32832586608551295]"
40.0,Medulla,D3,endothelial+immune+stromal,1.0102560885318168,0.01472104626840447,154,3,2,False,False,"[0.0041369767274325436, 0.025305115809376395]"
40.0,Medulla,D3,endothelial+stromal,1.2666805436244957,0.3410527231839441,30,3,2,False,False,"[0.1838545788400628, 0.49825086752782544]"
40.0,Medulla,D3,immune,,,4,3,1,True,True,[1.560714954474479]
40.0,Medulla,D3,immune+stromal,,,15,3,1,True,True,[-0.7818835381033331]
40.0,Medulla,D3,none,0.9095713283772244,-0.13674131675651194,80,3,2,False,False,"[0.1697143166040378, -0.44319695011706167]"
40.0,Medulla,D3,stromal,,,31,2,1,False,True,[0.8320513924478329]
40.0,Medulla,D7,endothelial,1.284269216327401,0.3609476606755942,69,3,2,False,False,"[0.0553349821691086, 0.6665603391820798]"
40.0,Medulla,D7,endothelial+immune,2.5506617705835772,1.350871603662723,33,3,2,False,False,"[0.8910656284468359, 1.81067757887861]"
40.0,Medulla,D7,endothelial+immune+stromal,1.157319226353701,0.21078686164050206,123,3,2,False,False,"[-0.002674134298325465, 0.4242478575793296]"
40.0,Medulla,D7,endothelial+stromal,1.9157140845936027,0.9378822586112361,45,3,2,False,False,"[1.2460279805281038, 0.6297365366943682]"
40.0,Medulla,D7,immune,,,19,3,1,True,True,[2.4604064859204438]
40.0,Medulla,D7,immune+stromal,1.479155164274526,0.5647733999607959,24,3,2,False,False,"[0.07860983469636647, 1.0509369652252254]"
40.0,Medulla,D7,none,1.157738870590413,0.2113098883988127,64,3,2,False,False,"[-0.06711419585853691, 0.4897339726561623]"
40.0,Medulla,D7,stromal,1.4444686471147798,0.5305388898541247,31,3,2,False,False,"[0.874469117916141, 0.18660866179210833]"
40.0,Medulla,Sham,endothelial,,,34,2,1,False,True,[-0.20187236258377378]
40.0,Medulla,Sham,endothelial+immune,,,11,3,1,True,True,[0.5727884121428086]
40.0,Medulla,Sham,endothelial+immune+stromal,1.207484164394217,0.272004268895633,100,3,2,False,False,"[0.3827225803529897, 0.16128595743827623]"
40.0,Medulla,Sham,endothelial+stromal,1.0811209451137598,0.11252792654670041,23,3,2,False,False,"[-0.5493385909904348, 0.7743944440838356]"
40.0,Medulla,Sham,immune,,,16,3,2,True,False,"[0.4506614090095652, 2.5956097449206648]"
40.0,Medulla,Sham,immune+stromal,1.9364350932826233,0.9534031449662514,20,3,2,False,False,"[1.088091329624857, 0.8187149603076459]"
40.0,Medulla,Sham,none,1.0961870401084775,0.1324939833480414,161,3,2,False,False,"[0.2232509129064929, 0.041737053789589924]"
40.0,Medulla,Sham,stromal,1.672448668301947,0.7419619315706568,26,3,2,False,False,"[1.2912787851989178, 0.19264507794239583]"
40.0,Pooled,D1,endothelial,1.346095188756557,0.4287804333444784,56,6,2,False,False,"[0.16736181864183167, 0.6901990480471252]"
40.0,Pooled,D1,endothelial+immune,0.7094611342421197,-0.49520444227451854,31,6,2,False,False,"[-1.8415991353567993, 0.8511902508077622]"
40.0,Pooled,D1,endothelial+immune+stromal,1.0905898795201827,0.12510867267894749,277,6,2,False,False,"[0.10002413330628411, 0.15019321205161087]"
40.0,Pooled,D1,endothelial+stromal,1.177816554868385,0.23611485666358012,65,6,2,False,False,"[0.24006470625948365, 0.2321650070676766]"
40.0,Pooled,D1,immune,,,10,5,2,True,False,"[2.6667565918848037, 2.0587090004471844]"
40.0,Pooled,D1,immune+stromal,,,25,5,1,False,True,[1.2337971846086973]
40.0,Pooled,D1,none,0.9938093747633628,-0.008958943761241803,222,6,2,False,False,"[-0.08827813233005864, 0.07036024480757504]"
40.0,Pooled,D1,stromal,1.2112089455624742,0.27644776571283497,36,6,2,False,False,"[0.4781465454815245, 0.0747489859441454]"
40.0,Pooled,D3,endothelial,0.8346719594863959,-0.26071879000745574,58,6,2,False,False,"[-1.211385468032688, 0.6899478880177766]"
40.0,Pooled,D3,endothelial+immune,0.9809510694307024,-0.027746919350322585,42,6,2,False,False,"[-0.3838197047861581, 0.32832586608551295]"
40.0,Pooled,D3,endothelial+immune+stromal,1.0197030044707354,0.028149018501497362,317,6,2,False,False,"[0.024887116929588917, 0.03141092007340581]"
40.0,Pooled,D3,endothelial+stromal,1.2955782766082855,0.373596183301123,51,6,2,False,False,"[0.1838545788400628, 0.5633377877621831]"
40.0,Pooled,D3,immune,,,17,6,2,True,False,"[0.8155521411829385, -0.1975999598851607]"
40.0,Pooled,D3,immune+stromal,1.457407924273931,0.543404740105378,26,6,2,False,False,"[-0.35944674967880813, 1.446256229889564]"
40.0,Pooled,D3,none,0.9476579975279654,-0.07756159936377346,157,6,2,False,False,"[0.10360265175610262, -0.25872585048364954]"
40.0,Pooled,D3,stromal,2.079500506886266,1.0562370366467906,43,5,2,False,False,"[0.8320513924478329, 1.2804226808457484]"
40.0,Pooled,D7,endothelial,1.3590015050157813,0.4425470538077339,110,6,2,False,False,"[0.22965431936941336, 0.6554397882460544]"
40.0,Pooled,D7,endothelial+immune,2.176919035891964,1.1222877517203023,41,6,2,False,False,"[0.43389792456199444, 1.81067757887861]"
40.0,Pooled,D7,endothelial+immune+stromal,1.1739512514684867,0.23137250152729882,290,6,2,False,False,"[0.07928616269713878, 0.38345884035745886]"
40.0,Pooled,D7,endothelial+stromal,1.9289765238907368,0.9478355855474578,67,6,2,False,False,"[0.7998324675714023, 1.0958387035235133]"
40.0,Pooled,D7,immune,2.908945864623983,1.5404964481861607,28,6,2,False,False,"[0.6205864104518775, 2.4604064859204438]"
40.0,Pooled,D7,immune+stromal,1.5457623524882758,0.6283185345016881,92,6,2,False,False,"[0.46399019489417653, 0.7926468741091997]"
40.0,Pooled,D7,none,1.207530240679084,0.2720593195218725,124,6,2,False,False,"[-0.054911761897506885, 0.5990304009412519]"
40.0,Pooled,D7,stromal,1.4444686471147798,0.5305388898541247,35,5,2,False,False,"[0.874469117916141, 0.18660866179210833]"
40.0,Pooled,Sham,endothelial,1.0094288794273991,0.01353926736883769,72,5,2,False,False,"[0.16635838642212003, -0.13927985168444465]"
40.0,Pooled,Sham,endothelial+immune,1.5295501338416275,0.613107394676007,28,6,2,False,False,"[0.5148851726818788, 0.7113296166701351]"
40.0,Pooled,Sham,endothelial+immune+stromal,1.0622956399202852,0.08718532818608972,223,6,2,False,False,"[0.11057378480245521, 0.06379687156972423]"
40.0,Pooled,Sham,endothelial+stromal,1.1513990264496334,0.20338789751570646,39,6,2,False,False,"[-0.3202432395243151, 0.727019034555728]"
40.0,Pooled,Sham,immune,1.1611568217324468,0.21556283065053283,29,6,2,False,False,"[-0.597850818187867, 1.0289764794889327]"
40.0,Pooled,Sham,immune+stromal,1.6421238535676566,0.7155629433089592,38,6,2,False,False,"[0.39786817506042094, 1.0332577115574975]"
40.0,Pooled,Sham,none,1.0430231714349014,0.06077120861788289,267,6,2,False,False,"[0.04762458976742343, 0.07391782746834234]"
40.0,Pooled,Sham,stromal,1.421635363140124,0.5075514739246025,35,4,2,False,False,"[0.8224578699068091, 0.19264507794239583]"
