roi_id,timepoint,mouse,region,variant,immune_mean,endothelial_mean,stromal_mean
IMC_241218_Alun_ROI_D1_M1_01_9,D1,MS1,Medulla,A_current,0.3792293226169032,0.46085966839772324,0.44480356530562043
IMC_241218_Alun_ROI_D1_M1_01_9,D1,MS1,Medulla,B_multimarker,0.5489670398634379,0.5499782330786098,0.5368756779056191
IMC_241218_Alun_ROI_D1_M1_01_9,D1,MS1,Medulla,C_cd140b_stromal,0.3792293226169032,0.46085966839772324,0.5368756779056191
IMC_241218_Alun_ROI_D1_M1_01_9,D1,MS1,Medulla,D_endothelial_max,0.3792293226169032,0.5499782330786098,0.44480356530562043
IMC_241218_Alun_ROI_D1_M1_02_10,D1,MS1,Cortex,A_current,0.4134785618222335,0.5044779181729414,0.4752673414123405
IMC_241218_Alun_ROI_D1_M1_02_10,D1,MS1,Cortex,B_multimarker,0.6109414769811058,0.5976478785136652,0.6203015950059451
IMC_241218_Alun_ROI_D1_M1_02_10,D1,MS1,Cortex,C_cd140b_stromal,0.4134785618222335,0.5044779181729414,0.6203015950059451
IMC_241218_Alun_ROI_D1_M1_02_10,D1,MS1,Cortex,D_endothelial_max,0.4134785618222335,0.5976478785136652,0.4752673414123405
IMC_241218_Alun_ROI_D1_M1_03_11,D1,MS1,Cortex,A_current,0.3783643438015617,0.5040135543138811,0.34765430829682387
IMC_241218_Alun_ROI_D1_M1_03_11,D1,MS1,Cortex,B_multimarker,0.5979290700315107,0.6071824348770433,0.5757762027759517
IMC_241218_Alun_ROI_D1_M1_03_11,D1,MS1,Cortex,C_cd140b_stromal,0.3783643438015617,0.5040135543138811,0.5757762027759517
IMC_241218_Alun_ROI_D1_M1_03_11,D1,MS1,Cortex,D_endothelial_max,0.3783643438015617,0.6071824348770433,0.34765430829682387
IMC_241218_Alun_ROI_D1_M2_01_12,D1,MS2,Medulla,A_current,0.40365416397939846,0.47141995211517235,0.5668071175572186
IMC_241218_Alun_ROI_D1_M2_01_12,D1,MS2,Medulla,B_multimarker,0.5761601101671564,0.5531056944715089,0.6238546404926637
IMC_241218_Alun_ROI_D1_M2_01_12,D1,MS2,Medulla,C_cd140b_stromal,0.40365416397939846,0.47141995211517235,0.6238546404926637
IMC_241218_Alun_ROI_D1_M2_01_12,D1,MS2,Medulla,D_endothelial_max,0.40365416397939846,0.5531056944715089,0.5668071175572186
IMC_241218_Alun_ROI_D1_M2_02_13,D1,MS2,Cortex,A_current,0.4689270234078133,0.5415191706544198,0.4217329865201004
IMC_241218_Alun_ROI_D1_M2_02_13,D1,MS2,Cortex,B_multimarker,0.5625244325006912,0.6511157054261623,0.6680998055827885
IMC_241218_Alun_ROI_D1_M2_02_13,D1,MS2,Cortex,C_cd140b_stromal,0.4689270234078133,0.5415191706544198,0.6680998055827885
IMC_241218_Alun_ROI_D1_M2_02_13,D1,MS2,Cortex,D_endothelial_max,0.4689270234078133,0.6511157054261623,0.4217329865201004
IMC_241218_Alun_ROI_D1_M2_03_14,D1,MS2,Medulla,A_current,0.4336163495682833,0.5963380946440806,0.49636195603430866
IMC_241218_Alun_ROI_D1_M2_03_14,D1,MS2,Medulla,B_multimarker,0.6006710491169565,0.6981241623268185,0.6929213714323206
IMC_241218_Alun_ROI_D1_M2_03_14,D1,MS2,Medulla,C_cd140b_stromal,0.4336163495682833,0.5963380946440806,0.6929213714323206
IMC_241218_Alun_ROI_D1_M2_03_14,D1,MS2,Medulla,D_endothelial_max,0.4336163495682833,0.6981241623268185,0.49636195603430866
IMC_241218_Alun_ROI_D3_M1_01_15,D3,MS1,Medulla,A_current,0.4572688950566975,0.5132377837330483,0.5520011364243012
IMC_241218_Alun_ROI_D3_M1_01_15,D3,MS1,Medulla,B_multimarker,0.5887889676103701,0.5774203545135665,0.6392953419612198
IMC_241218_Alun_ROI_D3_M1_01_15,D3,MS1,Medulla,C_cd140b_stromal,0.4572688950566975,0.5132377837330483,0.6392953419612198
IMC_241218_Alun_ROI_D3_M1_01_15,D3,MS1,Medulla,D_endothelial_max,0.4572688950566975,0.5774203545135665,0.5520011364243012
IMC_241218_Alun_ROI_D3_M1_02_16,D3,MS1,Medulla,A_current,0.4245559829651785,0.5183035076595944,0.43030958503941874
IMC_241218_Alun_ROI_D3_M1_02_16,D3,MS1,Medulla,B_multimarker,0.5598827169460074,0.5817204383752727,0.5551633546140978
IMC_241218_Alun_ROI_D3_M1_02_16,D3,MS1,Medulla,C_cd140b_stromal,0.4245559829651785,0.5183035076595944,0.5551633546140978
IMC_241218_Alun_ROI_D3_M1_02_16,D3,MS1,Medulla,D_endothelial_max,0.4245559829651785,0.5817204383752727,0.43030958503941874
IMC_241218_Alun_ROI_D3_M1_03_17,D3,MS1,Cortex,A_current,0.5848156665206075,0.6241879353650042,0.4454921933157291
IMC_241218_Alun_ROI_D3_M1_03_17,D3,MS1,Cortex,B_multimarker,0.6580987331586601,0.6959381578588072,0.698324215943647
IMC_241218_Alun_ROI_D3_M1_03_17,D3,MS1,Cortex,C_cd140b_stromal,0.5848156665206075,0.6241879353650042,0.698324215943647
IMC_241218_Alun_ROI_D3_M1_03_17,D3,MS1,Cortex,D_endothelial_max,0.5848156665206075,0.6959381578588072,0.4454921933157291
IMC_241218_Alun_ROI_D3_M2_01_18,D3,MS2,Cortex,A_current,0.45435642199452186,0.5665899139905193,0.5556824017081687
IMC_241218_Alun_ROI_D3_M2_01_18,D3,MS2,Cortex,B_multimarker,0.5792524974648596,0.6284579554600717,0.6079911360442709
IMC_241218_Alun_ROI_D3_M2_01_18,D3,MS2,Cortex,C_cd140b_stromal,0.45435642199452186,0.5665899139905193,0.6079911360442709
IMC_241218_Alun_ROI_D3_M2_01_18,D3,MS2,Cortex,D_endothelial_max,0.45435642199452186,0.6284579554600717,0.5556824017081687
IMC_241218_Alun_ROI_D3_M2_02_19,D3,MS2,Medulla,A_current,0.5458707582699085,0.6395088810420065,0.5317257642845828
IMC_241218_Alun_ROI_D3_M2_02_19,D3,MS2,Medulla,B_multimarker,0.663227672610473,0.7263246857585648,0.6699775024025719
IMC_241218_Alun_ROI_D3_M2_02_19,D3,MS2,Medulla,C_cd140b_stromal,0.5458707582699085,0.6395088810420065,0.6699775024025719
IMC_241218_Alun_ROI_D3_M2_02_19,D3,MS2,Medulla,D_endothelial_max,0.5458707582699085,0.7263246857585648,0.5317257642845828
IMC_241218_Alun_ROI_D3_M2_03_20,D3,MS2,Cortex,A_current,0.4497159070520458,0.6551320305710272,0.4990205024862248
IMC_241218_Alun_ROI_D3_M2_03_20,D3,MS2,Cortex,B_multimarker,0.6122704446158536,0.7259493595271563,0.6699125957531838
IMC_241218_Alun_ROI_D3_M2_03_20,D3,MS2,Cortex,C_cd140b_stromal,0.4497159070520458,0.6551320305710272,0.6699125957531838
IMC_241218_Alun_ROI_D3_M2_03_20,D3,MS2,Cortex,D_endothelial_max,0.4497159070520458,0.7259493595271563,0.4990205024862248
IMC_241218_Alun_ROI_D7_M1_01_21,D7,MS1,Cortex,A_current,0.6530175113409303,0.6863042188910083,0.6451340041193268
IMC_241218_Alun_ROI_D7_M1_01_21,D7,MS1,Cortex,B_multimarker,0.7351206554522772,0.766853804106907,0.7781485340807807
IMC_241218_Alun_ROI_D7_M1_01_21,D7,MS1,Cortex,C_cd140b_stromal,0.6530175113409303,0.6863042188910083,0.7781485340807807
IMC_241218_Alun_ROI_D7_M1_01_21,D7,MS1,Cortex,D_endothelial_max,0.6530175113409303,0.766853804106907,0.6451340041193268
IMC_241218_Alun_ROI_D7_M1_02_22,D7,MS1,Medulla,A_current,0.5038509983841694,0.5688677341062984,0.5291971291575233
IMC_241218_Alun_ROI_D7_M1_02_22,D7,MS1,Medulla,B_multimarker,0.5806756620648673,0.6324097158203148,0.6487861507964938
IMC_241218_Alun_ROI_D7_M1_02_22,D7,MS1,Medulla,C_cd140b_stromal,0.5038509983841694,0.5688677341062984,0.6487861507964938
IMC_241218_Alun_ROI_D7_M1_02_22,D7,MS1,Medulla,D_endothelial_max,0.5038509983841694,0.6324097158203148,0.5291971291575233
IMC_241218_Alun_ROI_D7_M1_03_23,D7,MS1,Cortex,A_current,0.5594581007772519,0.6081146527873441,0.4961430398361882
IMC_241218_Alun_ROI_D7_M1_03_23,D7,MS1,Cortex,B_multimarker,0.6482656773535362,0.6813032372764942,0.6920983531238023
IMC_241218_Alun_ROI_D7_M1_03_23,D7,MS1,Cortex,C_cd140b_stromal,0.5594581007772519,0.6081146527873441,0.6920983531238023
IMC_241218_Alun_ROI_D7_M1_03_23,D7,MS1,Cortex,D_endothelial_max,0.5594581007772519,0.6813032372764942,0.4961430398361882
IMC_241218_Alun_ROI_D7_M2_01_24,D7,MS2,Medulla,A_current,0.6383695761861986,0.5707569020995167,0.4224618843448664
IMC_241218_Alun_ROI_D7_M2_01_24,D7,MS2,Medulla,B_multimarker,0.640420207354428,0.6581403478775537,0.4547025072181757
IMC_241218_Alun_ROI_D7_M2_01_24,D7,MS2,Medulla,C_cd140b_stromal,0.6383695761861986,0.5707569020995167,0.4547025072181757
IMC_241218_Alun_ROI_D7_M2_01_24,D7,MS2,Medulla,D_endothelial_max,0.6383695761861986,0.6581403478775537,0.4224618843448664
IMC_241218_Alun_ROI_D7_M2_02_25,D7,MS2,Cortex,A_current,0.7167678693878576,0.48853603979669746,0.651083343857351
IMC_241218_Alun_ROI_D7_M2_02_25,D7,MS2,Cortex,B_multimarker,0.7512703538020469,0.5618411311937311,0.7885569254712164
IMC_241218_Alun_ROI_D7_M2_02_25,D7,MS2,Cortex,C_cd140b_stromal,0.7167678693878576,0.48853603979669746,0.7885569254712164
IMC_241218_Alun_ROI_D7_M2_02_25,D7,MS2,Cortex,D_endothelial_max,0.7167678693878576,0.5618411311937311,0.651083343857351
IMC_241218_Alun_ROI_D7_M2_03_26,D7,MS2,Medulla,A_current,0.675270186327042,0.5778596738955734,0.5371521632210878
IMC_241218_Alun_ROI_D7_M2_03_26,D7,MS2,Medulla,B_multimarker,0.6976243590661051,0.6651809089929528,0.6846622088369759
IMC_241218_Alun_ROI_D7_M2_03_26,D7,MS2,Medulla,C_cd140b_stromal,0.675270186327042,0.5778596738955734,0.6846622088369759
IMC_241218_Alun_ROI_D7_M2_03_26,D7,MS2,Medulla,D_endothelial_max,0.675270186327042,0.6651809089929528,0.5371521632210878
IMC_241218_Alun_ROI_Sam1_01_2,Sham,MS1,Cortex,A_current,0.42024448600084097,0.442141408708197,0.35739697862907943
IMC_241218_Alun_ROI_Sam1_01_2,Sham,MS1,Cortex,B_multimarker,0.5017276791356298,0.5627549643885053,0.5336630911188963
IMC_241218_Alun_ROI_Sam1_01_2,Sham,MS1,Cortex,C_cd140b_stromal,0.42024448600084097,0.442141408708197,0.5336630911188963
IMC_241218_Alun_ROI_Sam1_01_2,Sham,MS1,Cortex,D_endothelial_max,0.42024448600084097,0.5627549643885053,0.35739697862907943
IMC_241218_Alun_ROI_Sam1_02_3,Sham,MS1,Cortex,A_current,0.4064089462155585,0.3286462982933495,0.3895604493257644
IMC_241218_Alun_ROI_Sam1_02_3,Sham,MS1,Cortex,B_multimarker,0.5454234145604977,0.44004563507282796,0.4590383013103851
IMC_241218_Alun_ROI_Sam1_02_3,Sham,MS1,Cortex,C_cd140b_stromal,0.4064089462155585,0.3286462982933495,0.4590383013103851
IMC_241218_Alun_ROI_Sam1_02_3,Sham,MS1,Cortex,D_endothelial_max,0.4064089462155585,0.44004563507282796,0.3895604493257644
IMC_241218_Alun_ROI_Sam1_03_4,Sham,MS1,Medulla,A_current,0.48969909488395413,0.40319361431548173,0.5004171991524063
IMC_241218_Alun_ROI_Sam1_03_4,Sham,MS1,Medulla,B_multimarker,0.5883869445129217,0.49180952190293964,0.5552042956176275
IMC_241218_Alun_ROI_Sam1_03_4,Sham,MS1,Medulla,C_cd140b_stromal,0.48969909488395413,0.40319361431548173,0.5552042956176275
IMC_241218_Alun_ROI_Sam1_03_4,Sham,MS1,Medulla,D_endothelial_max,0.48969909488395413,0.49180952190293964,0.5004171991524063
IMC_241218_Alun_ROI_Sam2_01_6,Sham,MS2,Medulla,A_current,0.33929894556658186,0.4174431708669403,0.38514586305066345
IMC_241218_Alun_ROI_Sam2_01_6,Sham,MS2,Medulla,B_multimarker,0.4741989170347599,0.5505720779318907,0.45523140883871693
IMC_241218_Alun_ROI_Sam2_01_6,Sham,MS2,Medulla,C_cd140b_stromal,0.33929894556658186,0.4174431708669403,0.45523140883871693
IMC_241218_Alun_ROI_Sam2_01_6,Sham,MS2,Medulla,D_endothelial_max,0.33929894556658186,0.5505720779318907,0.38514586305066345
IMC_241218_Alun_ROI_Sam2_02_7,Sham,MS2,Medulla,A_current,0.3498027838877865,0.4083501948014379,0.4109267985182791
IMC_241218_Alun_ROI_Sam2_02_7,Sham,MS2,Medulla,B_multimarker,0.4454759267649325,0.5610933473766124,0.4778578556759274
IMC_241218_Alun_ROI_Sam2_02_7,Sham,MS2,Medulla,C_cd140b_stromal,0.3498027838877865,0.4083501948014379,0.4778578556759274
IMC_241218_Alun_ROI_Sam2_02_7,Sham,MS2,Medulla,D_endothelial_max,0.3498027838877865,0.5610933473766124,0.4109267985182791
IMC_241218_Alun_ROI_Sam2_03_8,Sham,MS2,Cortex,A_current,0.4249954748273821,0.41630843035297105,0.36765881903610703
IMC_241218_Alun_ROI_Sam2_03_8,Sham,MS2,Cortex,B_multimarker,0.6536219569066368,0.5181258513871523,0.5477479076374455
IMC_241218_Alun_ROI_Sam2_03_8,Sham,MS2,Cortex,C_cd140b_stromal,0.4249954748273821,0.41630843035297105,0.5477479076374455
IMC_241218_Alun_ROI_Sam2_03_8,Sham,MS2,Cortex,D_endothelial_max,0.4249954748273821,0.5181258513871523,0.36765881903610703
