focal_cell_type,neighbor_cell_type,region,observed_proportion,expected_proportion,enrichment_score,log2_enrichment,fraction_significant_raw,n_focal_cells,n_rois,fraction_significant_fdr
activated_endothelial_cd140b,activated_endothelial_cd140b,Cortex,0.3605633802816901,0.11393287837321026,3.442816109461519,1.7254028268834807,0.9166666666666666,568.0,12.0,0.9166666666666666
activated_endothelial_cd140b,activated_endothelial_cd140b,Medulla,0.28817005545286506,0.09355634276349276,3.108645144881601,1.5635156005177342,0.8333333333333334,541.0,12.0,0.8333333333333334
activated_endothelial_cd140b,activated_endothelial_cd44,Cortex,0.2383802816901408,0.16470048998127215,1.4641722161404704,0.5092673465977183,0.5,568.0,12.0,0.4166666666666667
activated_endothelial_cd140b,activated_endothelial_cd44,Medulla,0.20517560073937152,0.15601777358904526,1.3205465087684491,0.3740918655995597,0.4166666666666667,541.0,12.0,0.25
activated_endothelial_cd140b,activated_fibroblast_cd140b,Cortex,0.03450704225352112,0.03772402031072437,0.9770049339822944,-0.5350905626580601,0.3333333333333333,568.0,12.0,0.08333333333333333
activated_endothelial_cd140b,activated_fibroblast_cd140b,Medulla,0.04343807763401109,0.05136351531908869,0.6915879068985448,-0.8166648689953822,0.16666666666666666,541.0,12.0,0.0
activated_endothelial_cd140b,activated_fibroblast_cd44,Cortex,0.03802816901408451,0.08476648702176202,0.6352038890633086,-0.8430450642743562,0.6666666666666666,568.0,12.0,0.5
activated_endothelial_cd140b,activated_fibroblast_cd44,Medulla,0.05748613678373382,0.1152926193118231,0.515091945101129,-1.0808539883031065,0.75,541.0,12.0,0.5
activated_endothelial_cd140b,activated_immune,Cortex,0.008450704225352112,0.018299460483969146,0.6120171043101263,,0.08333333333333333,568.0,12.0,0.0
activated_endothelial_cd140b,activated_immune,Medulla,0.007948243992606284,0.019994778855501896,0.33400885041365636,,0.0,541.0,12.0,0.0
activated_endothelial_cd140b,activated_m2_cd140b,Cortex,0.006866197183098592,0.011113301506220464,0.5786695694242864,,0.08333333333333333,568.0,12.0,0.0
activated_endothelial_cd140b,activated_m2_cd140b,Medulla,0.00831792975970425,0.012071341855282705,0.585998962285566,,0.0,541.0,12.0,0.0
activated_endothelial_cd140b,activated_m2_cd44,Cortex,0.010211267605633805,0.04613821760866897,0.27672626553394714,,0.16666666666666666,568.0,12.0,0.08333333333333333
activated_endothelial_cd140b,activated_m2_cd44,Medulla,0.0166358595194085,0.03416413758735271,0.3963470426076616,,0.25,541.0,12.0,0.08333333333333333
activated_endothelial_cd140b,activated_myeloid_cd140b,Cortex,0.0077083333333333335,0.008601526180313152,1.4327673611111111,,0.1,480.0,10.0,0.0
activated_endothelial_cd140b,activated_myeloid_cd140b,Medulla,0.004772727272727273,0.008320044402757599,0.5815438311688311,,0.0,440.0,10.0,0.0
activated_endothelial_cd140b,activated_myeloid_cd44,Cortex,0.007922535211267605,0.029923230528196076,0.28379096820344146,,0.16666666666666666,568.0,12.0,0.08333333333333333
activated_endothelial_cd140b,activated_myeloid_cd44,Medulla,0.009426987060998152,0.019676702095817556,0.45731332335768565,,0.16666666666666666,541.0,12.0,0.08333333333333333
activated_endothelial_cd140b,endothelial,Cortex,0.09559859154929579,0.06619753384668464,1.4445327901157634,0.436510562382432,0.4166666666666667,568.0,12.0,0.3333333333333333
activated_endothelial_cd140b,endothelial,Medulla,0.1587800369685767,0.08664365928552005,1.858632937891617,0.8465569930352204,0.9166666666666666,541.0,12.0,0.6666666666666666
activated_endothelial_cd140b,fibroblast,Cortex,0.07130281690140845,0.12346682272781039,0.5465624620831064,-1.2514687687658161,0.5,568.0,12.0,0.3333333333333333
activated_endothelial_cd140b,fibroblast,Medulla,0.06081330868761554,0.11709102226397317,0.5695224975852395,-0.9822046941380304,0.5833333333333334,541.0,12.0,0.3333333333333333
activated_endothelial_cd140b,immune_cells,Cortex,0.0625,0.13927944729046904,0.4373160174007978,-1.4466115497375978,0.5833333333333334,568.0,12.0,0.4166666666666667
activated_endothelial_cd140b,immune_cells,Medulla,0.07375231053604436,0.1299835366973914,0.5826758942207657,,0.5833333333333334,541.0,12.0,0.3333333333333333
activated_endothelial_cd140b,m2_macrophage,Cortex,0.006156716417910447,0.020698011149203954,0.28029932962688364,,0.09090909090909091,536.0,11.0,0.09090909090909091
activated_endothelial_cd140b,m2_macrophage,Medulla,0.0053604436229205184,0.019313281080287775,0.4081616359620056,,0.3333333333333333,541.0,12.0,0.08333333333333333
activated_endothelial_cd140b,myeloid,Cortex,0.006514084507042253,0.02004918701365103,0.3397554773082942,,0.16666666666666666,568.0,12.0,0.0
activated_endothelial_cd140b,myeloid,Medulla,0.012121212121212123,0.01922117326371693,0.576901024060115,,0.1,462.0,10.0,0.1
activated_endothelial_cd140b,neutrophil,Cortex,0.04683098591549295,0.11760810192967897,0.527580349565042,-1.2803410012037444,0.5833333333333334,568.0,12.0,0.3333333333333333
activated_endothelial_cd140b,neutrophil,Medulla,0.05046210720887247,0.12165014033969179,0.46910947338457937,,0.5,541.0,12.0,0.4166666666666667
activated_endothelial_cd44,activated_endothelial_cd140b,Cortex,0.10396578538102642,0.07274485094040636,1.2913547901511901,0.29701494492751823,0.5,1286.0,12.0,0.3333333333333333
activated_endothelial_cd44,activated_endothelial_cd140b,Medulla,0.09615055603079554,0.07220326391075577,1.3929880103741956,0.43840842591192913,0.3333333333333333,1169.0,12.0,0.25
activated_endothelial_cd44,activated_endothelial_cd44,Cortex,0.47620528771384135,0.20482081972602403,2.382761162356438,1.2440776730913456,1.0,1286.0,12.0,1.0
activated_endothelial_cd44,activated_endothelial_cd44,Medulla,0.4402908468776733,0.17821711089546663,2.5153029110765006,1.3107971383095578,1.0,1169.0,12.0,1.0
activated_endothelial_cd44,activated_fibroblast_cd140b,Cortex,0.027371695178849145,0.04451643486184062,0.6340712365696596,-0.777204363051974,0.3333333333333333,1286.0,12.0,0.16666666666666666
activated_endothelial_cd44,activated_fibroblast_cd140b,Medulla,0.02001710863986313,0.049484256863957334,0.3819596853452538,-1.7724860198195727,0.5,1169.0,12.0,0.5
activated_endothelial_cd44,activated_fibroblast_cd44,Cortex,0.06757387247278382,0.08803631700207873,0.741308582603601,-0.5224161296331761,0.25,1286.0,12.0,0.08333333333333333
activated_endothelial_cd44,activated_fibroblast_cd44,Medulla,0.10838323353293414,0.13719517058430736,0.8481764106341659,-0.29837388633357687,0.4166666666666667,1169.0,12.0,0.25
activated_endothelial_cd44,activated_immune,Cortex,0.010419906687402797,0.02014778906756638,0.3246992958649201,,0.08333333333333333,1286.0,12.0,0.08333333333333333
activated_endothelial_cd44,activated_immune,Medulla,0.010949529512403765,0.01640905083712791,0.5754706105347678,-0.9385169070367632,0.0,1169.0,12.0,0.0
activated_endothelial_cd44,activated_m2_cd140b,Cortex,0.01166407465007776,0.019464145452113484,0.8174175784540488,,0.08333333333333333,1286.0,12.0,0.08333333333333333
activated_endothelial_cd44,activated_m2_cd140b,Medulla,0.00718562874251497,0.013420328383878206,0.5297198835411883,,0.0,1169.0,12.0,0.0
activated_endothelial_cd44,activated_m2_cd44,Cortex,0.016640746500777605,0.03960776248643541,0.4834798412782803,,0.25,1286.0,12.0,0.08333333333333333
activated_endothelial_cd44,activated_m2_cd44,Medulla,0.013772455089820357,0.0304251739725313,0.388011808859146,-1.566228369498002,0.3333333333333333,1169.0,12.0,0.08333333333333333
activated_endothelial_cd44,activated_myeloid_cd140b,Cortex,0.00391304347826087,0.010998207831815486,0.29064927536231877,,0.1,1150.0,10.0,0.0
activated_endothelial_cd44,activated_myeloid_cd140b,Medulla,0.005971659919028339,0.010290985221387416,0.5249963851937536,,0.0,988.0,10.0,0.0
activated_endothelial_cd44,activated_myeloid_cd44,Cortex,0.007387247278382581,0.013932204740095263,0.6774518909225308,,0.08333333333333333,1286.0,12.0,0.08333333333333333
activated_endothelial_cd44,activated_myeloid_cd44,Medulla,0.008126603934987169,0.016373148267906357,0.49365235515363826,,0.16666666666666666,1169.0,12.0,0.0
activated_endothelial_cd44,endothelial,Cortex,0.08685847589424572,0.07875953638466132,1.1243704515424542,0.1548656738992062,0.08333333333333333,1286.0,12.0,0.0
activated_endothelial_cd44,endothelial,Medulla,0.09709153122326776,0.08600253413931841,1.1571782812583695,0.16769895104810356,0.3333333333333333,1169.0,12.0,0.16666666666666666
activated_endothelial_cd44,fibroblast,Cortex,0.0588646967340591,0.1246254622487777,0.4473083296142013,-1.2570820182603177,0.8333333333333334,1286.0,12.0,0.5833333333333334
activated_endothelial_cd44,fibroblast,Medulla,0.06869118905047049,0.11940071814945762,0.5741636249418949,-0.8956962866706928,0.6666666666666666,1169.0,12.0,0.5
activated_endothelial_cd44,immune_cells,Cortex,0.06695178849144634,0.15317067309405671,0.4327450500058403,-1.2303707500956262,0.9166666666666666,1286.0,12.0,0.9166666666666666
activated_endothelial_cd44,immune_cells,Medulla,0.04858853721129171,0.11101367637592324,0.4448798085683331,-1.2328900005184857,0.8333333333333334,1169.0,12.0,0.6666666666666666
activated_endothelial_cd44,m2_macrophage,Cortex,0.006726457399103139,0.02128873421092888,0.32190926842859735,,0.2727272727272727,1115.0,11.0,0.18181818181818182
activated_endothelial_cd44,m2_macrophage,Medulla,0.009067579127459367,0.02410531678730199,0.40495900697782644,,0.25,1169.0,12.0,0.25
activated_endothelial_cd44,myeloid,Cortex,0.007309486780715396,0.015716715225621854,0.40549550717124594,,0.16666666666666666,1286.0,12.0,0.08333333333333333
activated_endothelial_cd44,myeloid,Medulla,0.015474794841735052,0.02418846991797364,0.6076528037547967,-0.9120042919459638,0.0,853.0,10.0,0.0
activated_endothelial_cd44,neutrophil,Cortex,0.049455676516329705,0.09616422683270667,0.5946402546782457,-0.8628541590964003,0.5,1286.0,12.0,0.4166666666666667
activated_endothelial_cd44,neutrophil,Medulla,0.0553464499572284,0.1194027245371472,0.48310399480481764,-1.3124389366980445,0.75,1169.0,12.0,0.5833333333333334
activated_fibroblast_cd140b,activated_endothelial_cd140b,Cortex,0.06308724832214767,0.07190350180030686,0.9306264160183855,-0.5447188165087302,0.3333333333333333,298.0,12.0,0.08333333333333333
activated_fibroblast_cd140b,activated_endothelial_cd140b,Medulla,0.057760814249363863,0.07070651854358011,0.7507077509903021,,0.16666666666666666,393.0,12.0,0.08333333333333333
activated_fibroblast_cd140b,activated_endothelial_cd44,Cortex,0.11543624161073827,0.19210783635009074,0.5984438354144869,-0.871927821372459,0.4166666666666667,298.0,12.0,0.16666666666666666
activated_fibroblast_cd140b,activated_endothelial_cd44,Medulla,0.06361323155216285,0.14719362919584253,0.4548491005353849,-1.459743571378373,0.5833333333333334,393.0,12.0,0.5
activated_fibroblast_cd140b,activated_fibroblast_cd140b,Cortex,0.24362416107382548,0.06291135954833996,4.4736131238909635,2.090233887359744,1.0,298.0,12.0,0.9166666666666666
activated_fibroblast_cd140b,activated_fibroblast_cd140b,Medulla,0.28549618320610687,0.09410831612524671,3.50050717387148,1.649032571018052,1.0,393.0,12.0,0.9166666666666666
activated_fibroblast_cd140b,activated_fibroblast_cd44,Cortex,0.12080536912751678,0.09790333052595504,1.3421828362446118,0.2893456614703969,0.3333333333333333,298.0,12.0,0.25
activated_fibroblast_cd140b,activated_fibroblast_cd44,Medulla,0.13282442748091602,0.14858290985326866,0.9493860903662217,-0.257393007182612,0.4166666666666667,393.0,12.0,0.3333333333333333
activated_fibroblast_cd140b,activated_immune,Cortex,0.01912751677852349,0.019342044788605923,1.1971737076723283,,0.08333333333333333,298.0,12.0,0.08333333333333333
activated_fibroblast_cd140b,activated_immune,Medulla,0.020865139949109414,0.02042247434924496,1.0951853216357033,,0.0,393.0,12.0,0.0
activated_fibroblast_cd140b,activated_m2_cd140b,Cortex,0.030872483221476506,0.016929272911660458,0.7875620732313148,,0.08333333333333333,298.0,12.0,0.08333333333333333
activated_fibroblast_cd140b,activated_m2_cd140b,Medulla,0.012977099236641223,0.010377429455236306,1.593095174322575,,0.08333333333333333,393.0,12.0,0.08333333333333333
activated_fibroblast_cd140b,activated_m2_cd44,Cortex,0.01711409395973154,0.028178443022958296,0.48635708046498766,,0.08333333333333333,298.0,12.0,0.0
activated_fibroblast_cd140b,activated_m2_cd44,Medulla,0.02213740458015267,0.023831998884972012,0.9489580380255104,,0.08333333333333333,393.0,12.0,0.08333333333333333
activated_fibroblast_cd140b,activated_myeloid_cd140b,Cortex,0.01068702290076336,0.010196103511685,1.4512181933842243,,0.2,262.0,10.0,0.1
activated_fibroblast_cd140b,activated_myeloid_cd140b,Medulla,0.007975460122699387,0.010907127266587987,0.9561948583114228,,0.1,326.0,10.0,0.0
activated_fibroblast_cd140b,activated_myeloid_cd44,Cortex,0.009060402684563757,0.01806203119055557,0.8922025949199883,,0.08333333333333333,298.0,12.0,0.08333333333333333
activated_fibroblast_cd140b,activated_myeloid_cd44,Medulla,0.014249363867684479,0.017321964670092102,0.730701765014742,,0.08333333333333333,393.0,12.0,0.0
activated_fibroblast_cd140b,endothelial,Cortex,0.028523489932885907,0.07978461760348268,0.3343317503215923,,0.3333333333333333,298.0,12.0,0.16666666666666666
activated_fibroblast_cd140b,endothelial,Medulla,0.04096692111959287,0.08106373880211289,0.5503231917909558,-1.1670058323954773,0.25,393.0,12.0,0.25
activated_fibroblast_cd140b,fibroblast,Cortex,0.17785234899328856,0.12416957014728897,1.5087424304430408,0.552808698976663,0.3333333333333333,298.0,12.0,0.25
activated_fibroblast_cd140b,fibroblast,Medulla,0.1697201017811705,0.1226929109107256,1.4474372931565531,0.43384821424143755,0.4166666666666667,393.0,12.0,0.4166666666666667
activated_fibroblast_cd140b,immune_cells,Cortex,0.0895973154362416,0.16484876240229335,0.5813369891117193,-0.9958388477668875,0.5,298.0,12.0,0.25
activated_fibroblast_cd140b,immune_cells,Medulla,0.0712468193384224,0.11261166786443799,0.6777338027984743,-0.6978930689335299,0.4166666666666667,393.0,12.0,0.08333333333333333
activated_fibroblast_cd140b,m2_macrophage,Cortex,0.013306451612903225,0.015452000488559638,0.82227137897327,,0.09090909090909091,248.0,11.0,0.0
activated_fibroblast_cd140b,m2_macrophage,Medulla,0.009160305343511452,0.01691273111881054,0.5092245346698273,,0.0,393.0,12.0,0.0
activated_fibroblast_cd140b,myeloid,Cortex,0.01140939597315436,0.013461641630633856,0.7864140566741237,,0.08333333333333333,298.0,12.0,0.0
activated_fibroblast_cd140b,myeloid,Medulla,0.013373860182370821,0.021849127641133826,0.555288222415882,,0.1,329.0,10.0,0.1
activated_fibroblast_cd140b,neutrophil,Cortex,0.05302013422818792,0.08857384565761266,0.5880123791355069,-0.8104412206128451,0.16666666666666666,298.0,12.0,0.08333333333333333
activated_fibroblast_cd140b,neutrophil,Medulla,0.0811704834605598,0.10683506777645323,0.7999767543922438,-0.44118144523469005,0.3333333333333333,393.0,12.0,0.08333333333333333
activated_fibroblast_cd44,activated_endothelial_cd140b,Cortex,0.03135464231354643,0.07328366001272577,0.4192636823559331,-1.447567418597443,0.5,657.0,12.0,0.25
activated_fibroblast_cd44,activated_endothelial_cd140b,Medulla,0.030190571715145435,0.06256099001774955,0.5594568173994364,-0.9892417375124624,0.5833333333333334,997.0,12.0,0.5
activated_fibroblast_cd44,activated_endothelial_cd44,Cortex,0.1267884322678843,0.17232070573009625,0.727204625202965,-0.5357486339802027,0.4166666666666667,657.0,12.0,0.25
activated_fibroblast_cd44,activated_endothelial_cd44,Medulla,0.1280842527582748,0.16086374565000533,0.8193391409510361,-0.3280595249350257,0.3333333333333333,997.0,12.0,0.25
activated_fibroblast_cd44,activated_fibroblast_cd140b,Cortex,0.05449010654490106,0.04440668568757169,1.355737881451449,0.360773376217,0.16666666666666666,657.0,12.0,0.16666666666666666
activated_fibroblast_cd44,activated_fibroblast_cd140b,Medulla,0.05406218655967904,0.05856878994216106,1.112485970923964,-0.01622258600449596,0.3333333333333333,997.0,12.0,0.16666666666666666
activated_fibroblast_cd44,activated_fibroblast_cd44,Cortex,0.36864535768645357,0.13122991370094356,3.163599839460112,1.5727084703994239,1.0,657.0,12.0,1.0
activated_fibroblast_cd44,activated_fibroblast_cd44,Medulla,0.3716148445336009,0.1789929524523569,2.238514380966985,1.1257815470289163,0.9166666666666666,997.0,12.0,0.9166666666666666
activated_fibroblast_cd44,activated_immune,Cortex,0.018112633181126336,0.023440011211924402,0.7062778097424319,,0.0,657.0,12.0,0.0
activated_fibroblast_cd44,activated_immune,Medulla,0.018756268806419257,0.020372109558222138,1.1451528330164236,-0.12184461266266226,0.08333333333333333,997.0,12.0,0.08333333333333333
activated_fibroblast_cd44,activated_m2_cd140b,Cortex,0.008523592085235922,0.012514736076969053,0.5306322067290664,,0.0,657.0,12.0,0.0
activated_fibroblast_cd44,activated_m2_cd140b,Medulla,0.008425275827482447,0.01174753388306874,0.7361448380228404,,0.08333333333333333,997.0,12.0,0.0
activated_fibroblast_cd44,activated_m2_cd44,Cortex,0.026788432267884323,0.024691626057802934,1.0773559125090149,,0.08333333333333333,657.0,12.0,0.08333333333333333
activated_fibroblast_cd44,activated_m2_cd44,Medulla,0.037412236710130393,0.029445111485379902,1.4103329093209218,0.3683812896601675,0.3333333333333333,997.0,12.0,0.08333333333333333
activated_fibroblast_cd44,activated_myeloid_cd140b,Cortex,0.004712041884816754,0.010189499881900587,0.6028359511343804,,0.0,573.0,10.0,0.0
activated_fibroblast_cd44,activated_myeloid_cd140b,Medulla,0.005889423076923078,0.010339907253766102,0.48527701465201467,,0.2,832.0,10.0,0.0
activated_fibroblast_cd44,activated_myeloid_cd44,Cortex,0.007762557077625569,0.012006032678874347,0.521531035148979,,0.16666666666666666,657.0,12.0,0.08333333333333333
activated_fibroblast_cd44,activated_myeloid_cd44,Medulla,0.018455366098294883,0.0159573265139824,1.2911658785881455,0.09010045543263344,0.25,997.0,12.0,0.08333333333333333
activated_fibroblast_cd44,endothelial,Cortex,0.045966514459665146,0.07821853318619269,0.611642062348071,-0.8334205332819826,0.3333333333333333,657.0,12.0,0.16666666666666666
activated_fibroblast_cd44,endothelial,Medulla,0.037512537612838515,0.07998927881274766,0.46313067837026556,-1.2928027885063949,0.8333333333333334,997.0,12.0,0.75
activated_fibroblast_cd44,fibroblast,Cortex,0.12861491628614918,0.13529724494897785,1.0167661472810554,-0.05978829030513104,0.4166666666666667,657.0,12.0,0.25
activated_fibroblast_cd44,fibroblast,Medulla,0.1254764292878636,0.1268028803997275,0.9890778621202265,-0.025853424644735435,0.0,997.0,12.0,0.0
activated_fibroblast_cd44,immune_cells,Cortex,0.0715372907153729,0.1420203413818491,0.5132654766498885,-1.04689794677598,0.6666666666666666,657.0,12.0,0.5
activated_fibroblast_cd44,immune_cells,Medulla,0.05506519558676028,0.1038545634578949,0.504949112095908,-1.0512408525613763,0.8333333333333334,997.0,12.0,0.5833333333333334
activated_fibroblast_cd44,m2_macrophage,Cortex,0.011183144246353324,0.020959603868610652,0.7192925516053275,,0.18181818181818182,617.0,11.0,0.09090909090909091
activated_fibroblast_cd44,m2_macrophage,Medulla,0.01725175526579739,0.02467165029459042,0.8625980836311828,,0.25,997.0,12.0,0.0
activated_fibroblast_cd44,myeloid,Cortex,0.00684931506849315,0.015539648369764972,0.43599653306274316,,0.08333333333333333,657.0,12.0,0.0
activated_fibroblast_cd44,myeloid,Medulla,0.011018957345971563,0.023110149646119356,0.5504665338610836,,0.4,844.0,10.0,0.2
activated_fibroblast_cd44,neutrophil,Cortex,0.0899543378995434,0.10646060369715706,0.8292745023166039,-0.4616101853054753,0.16666666666666666,657.0,12.0,0.16666666666666666
activated_fibroblast_cd44,neutrophil,Medulla,0.08345035105315946,0.09798072135713037,0.7758682802034037,-0.47804266016782937,0.4166666666666667,997.0,12.0,0.3333333333333333
activated_immune,activated_endothelial_cd140b,Cortex,0.03133333333333333,0.06929395703262983,0.5155547611620418,,0.16666666666666666,150.0,12.0,0.0
activated_immune,activated_endothelial_cd140b,Medulla,0.032624113475177303,0.07671755575054276,0.43297464883645886,,0.25,141.0,12.0,0.0
activated_immune,activated_endothelial_cd44,Cortex,0.09733333333333333,0.17273371160593573,0.5709889015837685,-0.9712946181403936,0.4166666666666667,150.0,12.0,0.25
activated_immune,activated_endothelial_cd44,Medulla,0.09645390070921987,0.13604383282696828,0.7342706591200506,-0.5390152442715479,0.16666666666666666,141.0,12.0,0.0
activated_immune,activated_fibroblast_cd140b,Cortex,0.039999999999999994,0.038426195646697095,1.060905653314503,-0.4216515403966702,0.25,150.0,12.0,0.0
activated_immune,activated_fibroblast_cd140b,Medulla,0.06808510638297874,0.05692221573938489,1.2078895347551457,,0.16666666666666666,141.0,12.0,0.0
activated_immune,activated_fibroblast_cd44,Cortex,0.09200000000000001,0.10266724910822887,0.8992885509344262,,0.08333333333333333,150.0,12.0,0.08333333333333333
activated_immune,activated_fibroblast_cd44,Medulla,0.1524822695035461,0.14404959737267709,1.2011959308242552,0.12233992860462568,0.25,141.0,12.0,0.16666666666666666
activated_immune,activated_immune,Cortex,0.19933333333333333,0.0360356429721228,6.463776797401025,,0.75,150.0,12.0,0.6666666666666666
activated_immune,activated_immune,Medulla,0.10851063829787234,0.032276542616634145,3.728231407699492,,0.5833333333333334,141.0,12.0,0.4166666666666667
activated_immune,activated_m2_cd140b,Cortex,0.02,0.013525131503902933,1.0069843043748703,,0.08333333333333333,150.0,12.0,0.0
activated_immune,activated_m2_cd140b,Medulla,0.010638297872340425,0.010545482263643609,1.3433930571108623,,0.0,141.0,12.0,0.0
activated_immune,activated_m2_cd44,Cortex,0.07,0.03573456930475917,2.0170446264262054,,0.16666666666666666,150.0,12.0,0.08333333333333333
activated_immune,activated_m2_cd44,Medulla,0.05673758865248226,0.03164073206535537,1.9514447187222943,,0.25,141.0,12.0,0.08333333333333333
activated_immune,activated_myeloid_cd140b,Cortex,0.014074074074074074,0.011720340651250594,1.5561172839506174,,0.0,135.0,10.0,0.0
activated_immune,activated_myeloid_cd140b,Medulla,0.003703703703703704,0.007123987644865543,0.5230555555555556,,0.0,108.0,10.0,0.0
activated_immune,activated_myeloid_cd44,Cortex,0.022000000000000002,0.018337818287415715,1.326278711484594,,0.08333333333333333,150.0,12.0,0.08333333333333333
activated_immune,activated_myeloid_cd44,Medulla,0.0524822695035461,0.019657096440129383,2.424712934819318,,0.3333333333333333,141.0,12.0,0.3333333333333333
activated_immune,endothelial,Cortex,0.048,0.1169949939091494,0.38469514042867703,,0.3333333333333333,150.0,12.0,0.16666666666666666
activated_immune,endothelial,Medulla,0.02907801418439716,0.09171380069281176,0.3318392354718367,,0.3333333333333333,141.0,12.0,0.25
activated_immune,fibroblast,Cortex,0.06733333333333333,0.11815081636479526,0.5917045567989702,,0.3333333333333333,150.0,12.0,0.08333333333333333
activated_immune,fibroblast,Medulla,0.11985815602836879,0.15451231209357014,0.8225168161619969,-0.39196959206894694,0.16666666666666666,141.0,12.0,0.0
activated_immune,immune_cells,Cortex,0.12933333333333333,0.11597986608425091,1.1468184626778966,,0.25,150.0,12.0,0.16666666666666666
activated_immune,immune_cells,Medulla,0.12269503546099292,0.11179879545420046,1.1335083603781302,0.017614271712908896,0.25,141.0,12.0,0.08333333333333333
activated_immune,m2_macrophage,Cortex,0.04107142857142857,0.025825285704070784,1.4153867486679985,,0.18181818181818182,112.0,11.0,0.09090909090909091
activated_immune,m2_macrophage,Medulla,0.011347517730496453,0.015023746642300703,0.6409158592137316,,0.08333333333333333,141.0,12.0,0.0
activated_immune,myeloid,Cortex,0.006666666666666667,0.016048020517927176,0.5186555555555555,,0.0,150.0,12.0,0.0
activated_immune,myeloid,Medulla,0.009375,0.019090335076407932,0.504769486156205,,0.0,128.0,10.0,0.0
activated_immune,neutrophil,Cortex,0.13333333333333333,0.11624084108368668,1.3593477541430898,,0.16666666666666666,150.0,12.0,0.08333333333333333
activated_immune,neutrophil,Medulla,0.1276595744680851,0.09631138539337226,1.5290939365585903,0.37692729974741807,0.16666666666666666,141.0,12.0,0.16666666666666666
activated_m2_cd140b,activated_endothelial_cd140b,Cortex,0.04336283185840707,0.05586155093392233,0.7626937881744177,,0.0,113.0,12.0,0.0
activated_m2_cd140b,activated_endothelial_cd140b,Medulla,0.05909090909090909,0.07421131754213572,0.8078097986130902,,0.16666666666666666,88.0,12.0,0.0
activated_m2_cd140b,activated_endothelial_cd44,Cortex,0.16991150442477876,0.22151231018953932,0.8147383935656495,,0.3333333333333333,113.0,12.0,0.08333333333333333
activated_m2_cd140b,activated_endothelial_cd44,Medulla,0.08295454545454545,0.17827686228129117,0.47373079265013396,,0.5,88.0,12.0,0.25
activated_m2_cd140b,activated_fibroblast_cd140b,Cortex,0.07345132743362832,0.04464533918296297,1.351440888959673,,0.08333333333333333,113.0,12.0,0.08333333333333333
activated_m2_cd140b,activated_fibroblast_cd140b,Medulla,0.0625,0.046344656544407586,1.2014552906310256,,0.25,88.0,12.0,0.16666666666666666
activated_m2_cd140b,activated_fibroblast_cd44,Cortex,0.05398230088495575,0.07276266904928025,0.8216238955687317,,0.08333333333333333,113.0,12.0,0.08333333333333333
activated_m2_cd140b,activated_fibroblast_cd44,Medulla,0.09545454545454546,0.13309421910704017,0.7180410974768756,,0.08333333333333333,88.0,12.0,0.08333333333333333
activated_m2_cd140b,activated_immune,Cortex,0.02743362831858407,0.01795371438571186,1.4656919473274694,,0.08333333333333333,113.0,12.0,0.0
activated_m2_cd140b,activated_immune,Medulla,0.02045454545454545,0.016896738626974418,0.6856482293982293,,0.08333333333333333,88.0,12.0,0.08333333333333333
activated_m2_cd140b,activated_m2_cd140b,Cortex,0.12831858407079647,0.04078971248135311,3.8590980488037596,,0.5,113.0,12.0,0.4166666666666667
activated_m2_cd140b,activated_m2_cd140b,Medulla,0.08181818181818182,0.020957095902119086,3.7393341307814993,,0.4166666666666667,88.0,12.0,0.3333333333333333
activated_m2_cd140b,activated_m2_cd44,Cortex,0.04778761061946904,0.03193686602031173,1.506064146681013,,0.25,113.0,12.0,0.08333333333333333
activated_m2_cd140b,activated_m2_cd44,Medulla,0.07386363636363637,0.03399053226955126,2.462697353764838,,0.16666666666666666,88.0,12.0,0.08333333333333333
activated_m2_cd140b,activated_myeloid_cd140b,Cortex,0.046601941747572824,0.011616660820353009,3.564935275080906,,0.4,103.0,10.0,0.3
activated_m2_cd140b,activated_myeloid_cd140b,Medulla,0.030952380952380953,0.012223773006215416,3.2545975056689347,,0.3,84.0,10.0,0.3
activated_m2_cd140b,activated_myeloid_cd44,Cortex,0.015044247787610621,0.01703246794540914,1.594506594440291,,0.16666666666666666,113.0,12.0,0.0
activated_m2_cd140b,activated_myeloid_cd44,Medulla,0.023863636363636365,0.01564690276372214,1.4973935786435788,,0.16666666666666666,88.0,12.0,0.08333333333333333
activated_m2_cd140b,endothelial,Cortex,0.0424778761061947,0.07751695741931942,0.4601837540178338,,0.16666666666666666,113.0,12.0,0.0
activated_m2_cd140b,endothelial,Medulla,0.04318181818181818,0.08021846389003683,0.523291259955157,,0.0,88.0,12.0,0.0
activated_m2_cd140b,fibroblast,Cortex,0.058407079646017705,0.12132401841199436,0.4740184095810417,,0.3333333333333333,113.0,12.0,0.08333333333333333
activated_m2_cd140b,fibroblast,Medulla,0.1,0.13789647383709688,0.7925529651498459,,0.16666666666666666,88.0,12.0,0.08333333333333333
activated_m2_cd140b,immune_cells,Cortex,0.16283185840707964,0.19538703437545615,0.8240385606243399,,0.25,113.0,12.0,0.0
activated_m2_cd140b,immune_cells,Medulla,0.09886363636363638,0.1037405860817429,0.9231816149871679,,0.25,88.0,12.0,0.16666666666666666
activated_m2_cd140b,m2_macrophage,Cortex,0.028181818181818183,0.019767512986434626,1.717402627675355,,0.0,110.0,11.0,0.0
activated_m2_cd140b,m2_macrophage,Medulla,0.0534090909090909,0.02389642427673636,2.425599723099723,,0.25,88.0,12.0,0.16666666666666666
activated_m2_cd140b,myeloid,Cortex,0.02123893805309735,0.011672060684821949,1.6084021632251722,,0.0,113.0,12.0,0.0
activated_m2_cd140b,myeloid,Medulla,0.05862068965517241,0.0287669596517697,2.1818689213085767,,0.3,58.0,10.0,0.2
activated_m2_cd140b,neutrophil,Cortex,0.08584070796460178,0.061773949424305336,1.7468054853519406,,0.25,113.0,12.0,0.08333333333333333
activated_m2_cd140b,neutrophil,Medulla,0.13636363636363635,0.10420153832800075,1.1861940816023147,,0.08333333333333333,88.0,12.0,0.08333333333333333
activated_m2_cd44,activated_endothelial_cd140b,Cortex,0.023018867924528303,0.09889248151593952,0.3007298199989017,,0.3333333333333333,265.0,12.0,0.16666666666666666
activated_m2_cd44,activated_endothelial_cd140b,Medulla,0.04351851851851852,0.08556851127202693,0.45531105760365387,,0.25,216.0,12.0,0.16666666666666666
activated_m2_cd44,activated_endothelial_cd44,Cortex,0.09283018867924529,0.19220974550021108,0.4931370618953399,-1.3515487562359272,0.5,265.0,12.0,0.25
activated_m2_cd44,activated_endothelial_cd44,Medulla,0.08472222222222223,0.16466216839763467,0.5274987987360795,-1.1475578268643025,0.5,216.0,12.0,0.25
activated_m2_cd44,activated_fibroblast_cd140b,Cortex,0.023018867924528303,0.031687456682421025,0.7532526844201708,,0.16666666666666666,265.0,12.0,0.0
activated_m2_cd44,activated_fibroblast_cd140b,Medulla,0.03518518518518518,0.043360997971268515,0.801498054905962,,0.16666666666666666,216.0,12.0,0.0
activated_m2_cd44,activated_fibroblast_cd44,Cortex,0.06943396226415095,0.061216597433873685,1.4094068455964357,,0.16666666666666666,265.0,12.0,0.08333333333333333
activated_m2_cd44,activated_fibroblast_cd44,Medulla,0.16342592592592595,0.13591100069872114,1.3479167649548487,0.30834698615634165,0.3333333333333333,216.0,12.0,0.25
activated_m2_cd44,activated_immune,Cortex,0.03811320754716982,0.020227114700807076,1.3573448925887202,,0.25,265.0,12.0,0.16666666666666666
activated_m2_cd44,activated_immune,Medulla,0.03287037037037037,0.02065436676488475,1.7037144684366907,,0.25,216.0,12.0,0.08333333333333333
activated_m2_cd44,activated_m2_cd140b,Cortex,0.021132075471698115,0.013618361736963114,1.1397483168309086,,0.16666666666666666,265.0,12.0,0.08333333333333333
activated_m2_cd44,activated_m2_cd140b,Medulla,0.027314814814814816,0.013847994628335698,2.035199398960364,,0.08333333333333333,216.0,12.0,0.08333333333333333
activated_m2_cd44,activated_m2_cd44,Cortex,0.27169811320754716,0.07938691173683408,3.8081294621028245,,0.75,265.0,12.0,0.75
activated_m2_cd44,activated_m2_cd44,Medulla,0.16712962962962963,0.040873333577921264,5.606063048139277,2.0590545733957666,0.9166666666666666,216.0,12.0,0.9166666666666666
activated_m2_cd44,activated_myeloid_cd140b,Cortex,0.00923694779116466,0.007431093943661014,0.5370883534136547,,0.1,249.0,10.0,0.1
activated_m2_cd44,activated_myeloid_cd140b,Medulla,0.0071823204419889505,0.007185226957139414,0.7941568008418839,,0.0,181.0,10.0,0.0
activated_m2_cd44,activated_myeloid_cd44,Cortex,0.050566037735849056,0.022726820098272916,2.4356437375347357,,0.4166666666666667,265.0,12.0,0.16666666666666666
activated_m2_cd44,activated_myeloid_cd44,Medulla,0.05462962962962963,0.020678834733355463,2.801504997060553,,0.5,216.0,12.0,0.4166666666666667
activated_m2_cd44,endothelial,Cortex,0.030188679245283026,0.07934993113719693,0.33365950220051765,,0.4166666666666667,265.0,12.0,0.16666666666666666
activated_m2_cd44,endothelial,Medulla,0.031481481481481485,0.08747500957471575,0.3643369644864412,,0.5,216.0,12.0,0.25
activated_m2_cd44,fibroblast,Cortex,0.058113207547169816,0.11067939462851838,0.5241332709804211,-1.1039822471630591,0.5833333333333334,265.0,12.0,0.3333333333333333
activated_m2_cd44,fibroblast,Medulla,0.08101851851851852,0.12011453648284735,0.7007788906929387,,0.25,216.0,12.0,0.16666666666666666
activated_m2_cd44,immune_cells,Cortex,0.12981132075471696,0.1286045842455922,1.0153827931668624,-0.012504583673421409,0.08333333333333333,265.0,12.0,0.0
activated_m2_cd44,immune_cells,Medulla,0.08888888888888889,0.11641107453729974,0.8827110160390996,-0.4628871385104634,0.3333333333333333,216.0,12.0,0.16666666666666666
activated_m2_cd44,m2_macrophage,Cortex,0.06548672566371681,0.026373257721962754,2.074593782654128,,0.2727272727272727,226.0,11.0,0.2727272727272727
activated_m2_cd44,m2_macrophage,Medulla,0.04027777777777777,0.022420821097739414,1.8822292699144552,,0.16666666666666666,216.0,12.0,0.16666666666666666
activated_m2_cd44,myeloid,Cortex,0.029433962264150938,0.019308868957573246,1.5063951781970648,,0.25,265.0,12.0,0.08333333333333333
activated_m2_cd44,myeloid,Medulla,0.023255813953488372,0.018528731766934488,1.394328218616009,,0.2,172.0,10.0,0.0
activated_m2_cd44,neutrophil,Cortex,0.0981132075471698,0.1126173971460413,0.919712146355004,,0.25,265.0,12.0,0.16666666666666666
activated_m2_cd44,neutrophil,Medulla,0.125,0.107246035711606,1.1025813998864022,-0.04127459117815145,0.25,216.0,12.0,0.16666666666666666
activated_myeloid_cd140b,activated_endothelial_cd140b,Cortex,0.05161290322580645,0.06659246075081152,0.721372449952152,,0.1,62.0,10.0,0.1
activated_myeloid_cd140b,activated_endothelial_cd140b,Medulla,0.04067796610169491,0.06204778876632785,0.4722405578057243,,0.1,59.0,10.0,0.0
activated_myeloid_cd140b,activated_endothelial_cd44,Cortex,0.07258064516129033,0.20399901623528724,0.3489850122599555,,0.3,62.0,10.0,0.2
activated_myeloid_cd140b,activated_endothelial_cd44,Medulla,0.10677966101694915,0.17233039658865706,0.6738271762392026,,0.1,59.0,10.0,0.1
activated_myeloid_cd140b,activated_fibroblast_cd140b,Cortex,0.04354838709677419,0.04308676000099145,0.9768368082807629,,0.2,62.0,10.0,0.2
activated_myeloid_cd140b,activated_fibroblast_cd140b,Medulla,0.04576271186440678,0.06026649981199464,0.8352405985693088,,0.0,59.0,10.0,0.0
activated_myeloid_cd140b,activated_fibroblast_cd44,Cortex,0.06290322580645162,0.09417070052143607,0.7308827189234841,,0.2,62.0,10.0,0.0
activated_myeloid_cd140b,activated_fibroblast_cd44,Medulla,0.09661016949152543,0.14581021754463386,0.6242607644904146,,0.2,59.0,10.0,0.2
activated_myeloid_cd140b,activated_immune,Cortex,0.03387096774193549,0.02552009657933597,1.4043360306292074,,0.0,62.0,10.0,0.0
activated_myeloid_cd140b,activated_immune,Medulla,0.0033898305084745766,0.013040519756703027,0.28525423728813565,,0.0,59.0,10.0,0.0
activated_myeloid_cd140b,activated_m2_cd140b,Cortex,0.06451612903225806,0.019298646201554193,5.0225129141501625,,0.2,62.0,10.0,0.1
activated_myeloid_cd140b,activated_m2_cd140b,Medulla,0.05084745762711865,0.017403337839357536,4.321067499256616,,0.4,59.0,10.0,0.2
activated_myeloid_cd140b,activated_m2_cd44,Cortex,0.03387096774193549,0.029844232128574073,1.4887406947890818,,0.1,62.0,10.0,0.0
activated_myeloid_cd140b,activated_m2_cd44,Medulla,0.025423728813559324,0.022042814902410748,1.617283581215698,,0.0,59.0,10.0,0.0
activated_myeloid_cd140b,activated_myeloid_cd140b,Cortex,0.12903225806451613,0.018409885700947627,6.929139784946237,,0.6,62.0,10.0,0.4
activated_myeloid_cd140b,activated_myeloid_cd140b,Medulla,0.09152542372881356,0.01887540199031176,7.117497982243744,,0.6,59.0,10.0,0.3
activated_myeloid_cd140b,activated_myeloid_cd44,Cortex,0.020967741935483872,0.011131548589043092,1.5505929791271347,,0.0,62.0,10.0,0.0
activated_myeloid_cd140b,activated_myeloid_cd44,Medulla,0.01694915254237288,0.014413128745597841,1.134180790960452,,0.2,59.0,10.0,0.0
activated_myeloid_cd140b,endothelial,Cortex,0.03387096774193549,0.09110986713885535,0.33472203817963475,,0.1,62.0,10.0,0.0
activated_myeloid_cd140b,endothelial,Medulla,0.022033898305084745,0.07011116115394465,0.39638574436838286,,0.2,59.0,10.0,0.0
activated_myeloid_cd140b,fibroblast,Cortex,0.09999999999999999,0.10891469908574442,0.9356427349345496,,0.0,62.0,10.0,0.0
activated_myeloid_cd140b,fibroblast,Medulla,0.07627118644067797,0.13062222183541428,0.6394975803188858,,0.1,59.0,10.0,0.0
activated_myeloid_cd140b,immune_cells,Cortex,0.16129032258064516,0.14293098927694864,1.267488155850539,-0.12379654608367247,0.3,62.0,10.0,0.2
activated_myeloid_cd140b,immune_cells,Medulla,0.13050847457627118,0.09784607140356302,1.469693576250397,,0.5,59.0,10.0,0.2
activated_myeloid_cd140b,m2_macrophage,Cortex,0.022641509433962266,0.01761885388837356,1.3306939926263286,,0.0,53.0,9.0,0.0
activated_myeloid_cd140b,m2_macrophage,Medulla,0.06610169491525425,0.02541006329493577,2.6298232372808643,,0.1,59.0,10.0,0.1
activated_myeloid_cd140b,myeloid,Cortex,0.043548387096774194,0.019821174936838958,3.1497983870967747,,0.4,62.0,10.0,0.1
activated_myeloid_cd140b,myeloid,Medulla,0.12708333333333335,0.036733828568069955,4.510107947607948,,0.5,48.0,8.0,0.375
activated_myeloid_cd140b,neutrophil,Cortex,0.12903225806451613,0.11010864452969915,1.3905894682028803,,0.1,62.0,10.0,0.0
activated_myeloid_cd140b,neutrophil,Medulla,0.12372881355932203,0.11989522770059949,1.2699772094786053,,0.1,59.0,10.0,0.0
activated_myeloid_cd44,activated_endothelial_cd140b,Cortex,0.028030303030303034,0.12876056772738917,0.24205200117652115,,0.25,132.0,12.0,0.16666666666666666
activated_myeloid_cd44,activated_endothelial_cd140b,Medulla,0.036,0.0851607666706984,0.45644397096885536,,0.25,125.0,12.0,0.0
activated_myeloid_cd44,activated_endothelial_cd44,Cortex,0.06666666666666665,0.135733449210322,0.3977335977181611,,0.4166666666666667,132.0,12.0,0.08333333333333333
activated_myeloid_cd44,activated_endothelial_cd44,Medulla,0.06720000000000001,0.15312168260146025,0.4597493648381102,,0.4166666666666667,125.0,12.0,0.25
activated_myeloid_cd44,activated_fibroblast_cd140b,Cortex,0.027272727272727275,0.040776403748375455,0.607521325864821,,0.08333333333333333,132.0,12.0,0.08333333333333333
activated_myeloid_cd44,activated_fibroblast_cd140b,Medulla,0.0456,0.054460256922769575,1.0269124650446864,,0.16666666666666666,125.0,12.0,0.0
activated_myeloid_cd44,activated_fibroblast_cd44,Cortex,0.036363636363636355,0.05975729901530641,0.7427291782419968,,0.08333333333333333,132.0,12.0,0.08333333333333333
activated_myeloid_cd44,activated_fibroblast_cd44,Medulla,0.152,0.1272756362755236,1.2562659584330138,-0.0914503443310628,0.5,125.0,12.0,0.16666666666666666
activated_myeloid_cd44,activated_immune,Cortex,0.026515151515151516,0.02083842987206331,1.0558591636484105,,0.16666666666666666,132.0,12.0,0.08333333333333333
activated_myeloid_cd44,activated_immune,Medulla,0.047200000000000006,0.022173204784465942,2.0602191505791505,,0.3333333333333333,125.0,12.0,0.25
activated_myeloid_cd44,activated_m2_cd140b,Cortex,0.01363636363636364,0.014580824832054792,1.782688087593748,,0.0,132.0,12.0,0.0
activated_myeloid_cd44,activated_m2_cd140b,Medulla,0.016,0.011015419545660385,1.426080701754386,,0.08333333333333333,125.0,12.0,0.0
activated_myeloid_cd44,activated_m2_cd44,Cortex,0.09469696969696968,0.045625813076078194,2.189668793538763,,0.5833333333333334,132.0,12.0,0.4166666666666667
activated_myeloid_cd44,activated_m2_cd44,Medulla,0.09440000000000001,0.035733026419238235,2.6991318602170775,,0.5,125.0,12.0,0.3333333333333333
activated_myeloid_cd44,activated_myeloid_cd140b,Cortex,0.020270270270270275,0.0093264326016307,1.5207770270270273,,0.0,74.0,10.0,0.0
activated_myeloid_cd44,activated_myeloid_cd140b,Medulla,0.01326530612244898,0.008677291795819107,1.909980563654033,,0.1,98.0,10.0,0.0
activated_myeloid_cd44,activated_myeloid_cd44,Cortex,0.31590909090909086,0.06699202231413576,3.7177843394135963,,0.25,132.0,12.0,0.25
activated_myeloid_cd44,activated_myeloid_cd44,Medulla,0.136,0.022912502601295338,6.75871492063492,2.4781044911428265,0.8333333333333334,125.0,12.0,0.6666666666666666
activated_myeloid_cd44,endothelial,Cortex,0.018181818181818184,0.07916303852899209,0.21310783337106556,,0.25,132.0,12.0,0.16666666666666666
activated_myeloid_cd44,endothelial,Medulla,0.0224,0.09049870211191083,0.27269412628896894,,0.4166666666666667,125.0,12.0,0.25
activated_myeloid_cd44,fibroblast,Cortex,0.05075757575757576,0.1137982847050905,0.4379485051234622,,0.16666666666666666,132.0,12.0,0.16666666666666666
activated_myeloid_cd44,fibroblast,Medulla,0.0952,0.12688761382745356,0.7766315425910494,,0.3333333333333333,125.0,12.0,0.08333333333333333
activated_myeloid_cd44,immune_cells,Cortex,0.12272727272727275,0.13680959808067528,0.9509025247302989,-0.19661463167783433,0.16666666666666666,132.0,12.0,0.08333333333333333
activated_myeloid_cd44,immune_cells,Medulla,0.124,0.12039785603382987,1.0787900881403307,,0.08333333333333333,125.0,12.0,0.0
activated_myeloid_cd44,m2_macrophage,Cortex,0.013821138211382115,0.019894040596463325,0.5772659636410687,,0.09090909090909091,123.0,11.0,0.0
activated_myeloid_cd44,m2_macrophage,Medulla,0.0216,0.015428650312883605,1.034523345163345,,0.08333333333333333,125.0,12.0,0.0
activated_myeloid_cd44,myeloid,Cortex,0.04621212121212121,0.021278228272640597,2.2398042929292927,,0.25,132.0,12.0,0.08333333333333333
activated_myeloid_cd44,myeloid,Medulla,0.031428571428571424,0.017991311792583207,1.8249076082647513,,0.1,105.0,10.0,0.0
activated_myeloid_cd44,neutrophil,Cortex,0.12878787878787878,0.11211995723895475,1.1925648756525549,,0.16666666666666666,132.0,12.0,0.08333333333333333
activated_myeloid_cd44,neutrophil,Medulla,0.10560000000000001,0.1130189832191183,1.1081891860383954,,0.16666666666666666,125.0,12.0,0.16666666666666666
endothelial,activated_endothelial_cd140b,Cortex,0.1043557168784029,0.06823992599803426,1.6442333787879533,0.5826107882372602,0.5833333333333334,551.0,12.0,0.5833333333333334
endothelial,activated_endothelial_cd140b,Medulla,0.1450081833060557,0.07671721714151611,2.1611248888573265,1.0364956067180855,0.8333333333333334,611.0,12.0,0.8333333333333334
endothelial,activated_endothelial_cd44,Cortex,0.2079854809437387,0.183819897986705,1.14855465912447,0.18159221040637827,0.25,551.0,12.0,0.08333333333333333
endothelial,activated_endothelial_cd44,Medulla,0.19950900163666124,0.1645449466593506,1.2249571918655593,0.2671696805227811,0.4166666666666667,611.0,12.0,0.25
endothelial,activated_fibroblast_cd140b,Cortex,0.017241379310344827,0.043150301353607694,0.4144586284845865,,0.25,551.0,12.0,0.08333333333333333
endothelial,activated_fibroblast_cd140b,Medulla,0.030932896890343696,0.05214083363212826,0.48261867190331253,-1.3152063941472012,0.3333333333333333,611.0,12.0,0.08333333333333333
endothelial,activated_fibroblast_cd44,Cortex,0.06170598911070781,0.09326601869932595,0.665778632980738,-0.7282569003430137,0.25,551.0,12.0,0.08333333333333333
endothelial,activated_fibroblast_cd44,Medulla,0.06464811783960721,0.13052260388921344,0.45985402215645776,-1.2204610141528673,0.75,611.0,12.0,0.6666666666666666
endothelial,activated_immune,Cortex,0.011615245009074411,0.031849816853670436,0.47007936235829917,,0.25,551.0,12.0,0.08333333333333333
endothelial,activated_immune,Medulla,0.007037643207855973,0.02116472323680271,0.2623049575177235,,0.25,611.0,12.0,0.0
endothelial,activated_m2_cd140b,Cortex,0.008892921960072596,0.015897307056956616,0.6424692657586111,,0.0,551.0,12.0,0.0
endothelial,activated_m2_cd140b,Medulla,0.0075286415711947625,0.011553559447337547,0.5454661613116261,,0.0,611.0,12.0,0.0
endothelial,activated_m2_cd44,Cortex,0.016696914700544466,0.03816285254329798,0.43022305777695635,,0.25,551.0,12.0,0.16666666666666666
endothelial,activated_m2_cd44,Medulla,0.01211129296235679,0.03092406230464583,0.3402825445098395,,0.3333333333333333,611.0,12.0,0.0
endothelial,activated_myeloid_cd140b,Cortex,0.0033932135728542913,0.011275073378461143,0.33846307385229546,,0.1,501.0,10.0,0.0
endothelial,activated_myeloid_cd140b,Medulla,0.004312114989733059,0.00849395997552923,0.49372298816857335,,0.1,487.0,10.0,0.0
endothelial,activated_myeloid_cd44,Cortex,0.005989110707803992,0.018964648068651464,0.5471311178019779,,0.08333333333333333,551.0,12.0,0.08333333333333333
endothelial,activated_myeloid_cd44,Medulla,0.005237315875613748,0.01851446442551367,0.21408658717169357,,0.25,611.0,12.0,0.08333333333333333
endothelial,endothelial,Cortex,0.3032667876588021,0.11330158541503192,2.8606845386970567,1.4513900048922364,0.9166666666666666,551.0,12.0,0.9166666666666666
endothelial,endothelial,Medulla,0.28854337152209497,0.0908531626292763,3.1793495036833996,1.6408462513231084,1.0,611.0,12.0,1.0
endothelial,fibroblast,Cortex,0.09110707803992742,0.11230696150725265,0.8054669131725947,-0.34661635692551407,0.0,551.0,12.0,0.0
endothelial,fibroblast,Medulla,0.07806873977086744,0.12851547579806202,0.5942439199884854,-0.8126654868854546,0.5833333333333334,611.0,12.0,0.3333333333333333
endothelial,immune_cells,Cortex,0.09364791288566243,0.12644926413180052,0.7118080986258202,-0.606737461001341,0.25,551.0,12.0,0.16666666666666666
endothelial,immune_cells,Medulla,0.08314238952536826,0.1154741435630971,0.7153258403287046,-0.5515133864839726,0.25,611.0,12.0,0.16666666666666666
endothelial,m2_macrophage,Cortex,0.014536340852130325,0.024107363809713234,0.6210806656541682,,0.0,399.0,11.0,0.0
endothelial,m2_macrophage,Medulla,0.00851063829787234,0.019439722407904182,0.530747188619529,,0.25,611.0,12.0,0.0
endothelial,myeloid,Cortex,0.009437386569872957,0.015513630763806298,0.7014725751159507,,0.16666666666666666,551.0,12.0,0.0
endothelial,myeloid,Medulla,0.01820083682008368,0.02038105540741125,0.9122094839145048,-0.32601199198033004,0.1,478.0,10.0,0.0
endothelial,neutrophil,Cortex,0.0544464609800363,0.11136880609611581,0.5453007576638564,-0.9572548517738494,0.6666666666666666,551.0,12.0,0.3333333333333333
endothelial,neutrophil,Medulla,0.05204582651391162,0.11692035001601092,0.44871173482962085,-1.2738762444417926,0.6666666666666666,611.0,12.0,0.5833333333333334
fibroblast,activated_endothelial_cd140b,Cortex,0.04165707710011506,0.08070098424556536,0.4996674520087991,-1.146478758290836,0.5833333333333334,869.0,12.0,0.25
fibroblast,activated_endothelial_cd140b,Medulla,0.03680089485458614,0.07085709512842224,0.503176817206508,-1.0808983542613073,0.5,894.0,12.0,0.3333333333333333
fibroblast,activated_endothelial_cd44,Cortex,0.0768699654775604,0.1844284746282257,0.42355956123913185,-1.2894685605000265,1.0,869.0,12.0,0.9166666666666666
fibroblast,activated_endothelial_cd44,Medulla,0.08982102908277406,0.15612912697619233,0.5796752716679644,-0.8209444486805113,0.5833333333333334,894.0,12.0,0.5833333333333334
fibroblast,activated_fibroblast_cd140b,Cortex,0.057307249712313,0.04258058907237297,1.3067916204698224,0.34293459938730714,0.25,869.0,12.0,0.08333333333333333
fibroblast,activated_fibroblast_cd140b,Medulla,0.07527964205816555,0.053935474259412926,1.6839808681711597,0.5862418902082572,0.4166666666666667,894.0,12.0,0.4166666666666667
fibroblast,activated_fibroblast_cd44,Cortex,0.09654775604142693,0.10229032213058509,0.9927405834217077,-0.0910114973771303,0.3333333333333333,869.0,12.0,0.08333333333333333
fibroblast,activated_fibroblast_cd44,Medulla,0.14977628635346754,0.14141216080372296,1.0873762270004848,0.10386196987174856,0.08333333333333333,894.0,12.0,0.0
fibroblast,activated_immune,Cortex,0.01093210586881473,0.020394272099792048,0.4890124690719696,,0.25,869.0,12.0,0.08333333333333333
fibroblast,activated_immune,Medulla,0.01868008948545861,0.024369391504690596,0.8753892555067052,-0.30824846587960775,0.08333333333333333,894.0,12.0,0.0
fibroblast,activated_m2_cd140b,Cortex,0.005983889528193326,0.015776310794655194,0.3180190052165811,,0.16666666666666666,869.0,12.0,0.16666666666666666
fibroblast,activated_m2_cd140b,Medulla,0.008501118568232663,0.013573702122667255,0.5620550257074454,,0.0,894.0,12.0,0.0
fibroblast,activated_m2_cd44,Cortex,0.01852704257767549,0.03375148397762644,0.4923108956564816,,0.08333333333333333,869.0,12.0,0.08333333333333333
fibroblast,activated_m2_cd44,Medulla,0.021700223713646532,0.02902096183478191,0.7118728391192303,-0.8159696952406923,0.16666666666666666,894.0,12.0,0.08333333333333333
fibroblast,activated_myeloid_cd140b,Cortex,0.00596797671033479,0.009829274153298623,0.617212518195051,,0.0,687.0,10.0,0.0
fibroblast,activated_myeloid_cd140b,Medulla,0.0056282722513089,0.010087318178389324,0.6939164173522813,,0.1,764.0,10.0,0.0
fibroblast,activated_myeloid_cd44,Cortex,0.008975834292289988,0.017285815398241595,0.8246665197482299,-0.5572854150059375,0.08333333333333333,869.0,12.0,0.08333333333333333
fibroblast,activated_myeloid_cd44,Medulla,0.01353467561521253,0.017741556743212185,0.7199667092787899,,0.08333333333333333,894.0,12.0,0.0
fibroblast,endothelial,Cortex,0.048791714614499423,0.07120959239412682,0.638980745807119,-0.7319390193299831,0.3333333333333333,869.0,12.0,0.0
fibroblast,endothelial,Medulla,0.05223713646532439,0.08783328379487237,0.6078756688935678,-0.8013109780025346,0.5833333333333334,894.0,12.0,0.3333333333333333
fibroblast,fibroblast,Cortex,0.38711162255466053,0.15159960988907614,2.863456738302742,1.4528413836297327,1.0,869.0,12.0,1.0
fibroblast,fibroblast,Medulla,0.3092841163310962,0.14899968490584203,2.2432197291112974,1.1223414780799,1.0,894.0,12.0,1.0
fibroblast,immune_cells,Cortex,0.15350978135788262,0.15192720903168727,0.9874108099912016,-0.08258687780680043,0.25,869.0,12.0,0.16666666666666666
fibroblast,immune_cells,Medulla,0.10604026845637583,0.108573740576688,0.9701390605727204,-0.085701757097363,0.16666666666666666,894.0,12.0,0.0
fibroblast,m2_macrophage,Cortex,0.014447236180904523,0.019057625776647307,0.8465955972996564,-0.4575471502929108,0.09090909090909091,796.0,11.0,0.0
fibroblast,m2_macrophage,Medulla,0.016442953020134227,0.017071220949895084,0.9161785592210647,,0.0,894.0,12.0,0.0
fibroblast,myeloid,Cortex,0.014959723820483316,0.01544428179771538,1.0497458764863827,,0.08333333333333333,869.0,12.0,0.08333333333333333
fibroblast,myeloid,Medulla,0.01862464183381089,0.022217970433985584,0.907439027861664,-0.3979101025726183,0.0,698.0,10.0,0.0
fibroblast,neutrophil,Cortex,0.060874568469505175,0.08738368807136872,0.6093395539782193,-0.7963115476647421,0.5,869.0,12.0,0.08333333333333333
fibroblast,neutrophil,Medulla,0.0825503355704698,0.10451520168459856,0.7767870275352539,-0.42378752089110194,0.4166666666666667,894.0,12.0,0.16666666666666666
immune_cells,activated_endothelial_cd140b,Cortex,0.034752475247524756,0.07832745154553111,0.5265849927458125,-1.0586379784908762,0.5833333333333334,1010.0,12.0,0.3333333333333333
immune_cells,activated_endothelial_cd140b,Medulla,0.04670731707317073,0.08575743091864481,0.5379497476583015,-1.103767802055381,0.5,820.0,12.0,0.3333333333333333
immune_cells,activated_endothelial_cd44,Cortex,0.07445544554455445,0.1950272134643138,0.40066251819734977,-1.3924503956790837,0.9166666666666666,1010.0,12.0,0.9166666666666666
immune_cells,activated_endothelial_cd44,Medulla,0.08073170731707317,0.15826218010177354,0.5308885754143072,-0.9822791931774871,0.8333333333333334,820.0,12.0,0.5833333333333334
immune_cells,activated_fibroblast_cd140b,Cortex,0.029900990099009903,0.048638545738498434,0.6683494020578469,-0.7742626718009795,0.16666666666666666,1010.0,12.0,0.16666666666666666
immune_cells,activated_fibroblast_cd140b,Medulla,0.03378048780487805,0.053971201793566015,0.6351455035773798,-1.0295672811390753,0.5833333333333334,820.0,12.0,0.3333333333333333
immune_cells,activated_fibroblast_cd44,Cortex,0.05485148514851486,0.0923835289978959,0.6939125639206951,-0.6049205696234661,0.5,1010.0,12.0,0.3333333333333333
immune_cells,activated_fibroblast_cd44,Medulla,0.07365853658536585,0.12627195093600146,0.5928776285908542,-0.8023341955627367,0.75,820.0,12.0,0.5
immune_cells,activated_immune,Cortex,0.019702970297029703,0.017224732586769938,0.9187694786720051,,0.25,1010.0,12.0,0.16666666666666666
immune_cells,activated_immune,Medulla,0.01951219512195122,0.019223939218344224,0.8985631467704639,-0.32945333575987507,0.08333333333333333,820.0,12.0,0.08333333333333333
immune_cells,activated_m2_cd140b,Cortex,0.016831683168316833,0.02186013354893717,0.7156585468830939,,0.08333333333333333,1010.0,12.0,0.0
immune_cells,activated_m2_cd140b,Medulla,0.012195121951219514,0.011133136067308994,1.254295571245186,,0.25,820.0,12.0,0.0
immune_cells,activated_m2_cd44,Cortex,0.034851485148514855,0.03374278695552667,1.088132524680359,-0.01835674519608556,0.08333333333333333,1010.0,12.0,0.0
immune_cells,activated_m2_cd44,Medulla,0.025000000000000005,0.030664380609825296,0.7917834018243695,-0.5014252526519376,0.25,820.0,12.0,0.08333333333333333
immune_cells,activated_myeloid_cd140b,Cortex,0.011990950226244341,0.010024571646120832,1.3532550904977374,0.08282493889430244,0.2,884.0,10.0,0.0
immune_cells,activated_myeloid_cd140b,Medulla,0.013538461538461537,0.008881412635092642,1.5933534798534796,,0.3,650.0,10.0,0.2
immune_cells,activated_myeloid_cd44,Cortex,0.016831683168316833,0.017880066283811027,0.9323255715000955,-0.4154638774808804,0.0,1010.0,12.0,0.0
immune_cells,activated_myeloid_cd44,Medulla,0.01780487804878049,0.018353331712474066,0.8543015873015871,,0.16666666666666666,820.0,12.0,0.08333333333333333
immune_cells,endothelial,Cortex,0.04564356435643564,0.06898370746200207,0.6831413321537361,-0.685980365199698,0.4166666666666667,1010.0,12.0,0.16666666666666666
immune_cells,endothelial,Medulla,0.05768292682926829,0.08604231916713698,0.6739299771434037,-0.6104001433717788,0.25,820.0,12.0,0.08333333333333333
immune_cells,fibroblast,Cortex,0.14376237623762375,0.13071756895894676,1.1571544417907411,0.09860572926648409,0.5,1010.0,12.0,0.25
immune_cells,fibroblast,Medulla,0.11902439024390245,0.11837185862873058,0.9888522702435893,-0.11591477936960791,0.25,820.0,12.0,0.08333333333333333
immune_cells,immune_cells,Cortex,0.3724752475247525,0.16861482685864163,2.353143559540355,1.177799957229023,1.0,1010.0,12.0,1.0
immune_cells,immune_cells,Medulla,0.32109756097560976,0.12800010081050284,2.607983521389925,1.3439632749476842,1.0,820.0,12.0,1.0
immune_cells,m2_macrophage,Cortex,0.028752642706131083,0.018034525226982484,1.6372593208655213,0.6311478541363584,0.2727272727272727,946.0,11.0,0.09090909090909091
immune_cells,m2_macrophage,Medulla,0.030853658536585372,0.018871425338706664,1.7446787650812043,0.32691229196489013,0.3333333333333333,820.0,12.0,0.16666666666666666
immune_cells,myeloid,Cortex,0.026930693069306934,0.014986319753016435,1.6468836633663366,,0.5,1010.0,12.0,0.3333333333333333
immune_cells,myeloid,Medulla,0.02983988355167395,0.019560956042807585,1.4833074829908892,0.3775478087789162,0.4,687.0,10.0,0.3
immune_cells,neutrophil,Cortex,0.09158415841584158,0.08594739289571678,0.9951274059808878,-0.07168851339661976,0.16666666666666666,1010.0,12.0,0.16666666666666666
immune_cells,neutrophil,Medulla,0.12621951219512195,0.12164833614305888,1.1058516440410124,0.10788032877249522,0.08333333333333333,820.0,12.0,0.08333333333333333
m2_macrophage,activated_endothelial_cd140b,Cortex,0.018461538461538463,0.08533949212287169,0.2626514736537105,,0.36363636363636365,130.0,11.0,0.09090909090909091
m2_macrophage,activated_endothelial_cd140b,Medulla,0.022222222222222223,0.06829075205513521,0.3846522813825045,,0.3333333333333333,153.0,12.0,0.25
m2_macrophage,activated_endothelial_cd44,Cortex,0.05230769230769231,0.1825918357321977,0.31238198997607913,,0.6363636363636364,130.0,11.0,0.6363636363636364
m2_macrophage,activated_endothelial_cd44,Medulla,0.06470588235294118,0.18417722434219624,0.3548708818805544,,0.4166666666666667,153.0,12.0,0.3333333333333333
m2_macrophage,activated_fibroblast_cd140b,Cortex,0.027692307692307697,0.029477662470483,0.7556489327261816,,0.18181818181818182,130.0,11.0,0.0
m2_macrophage,activated_fibroblast_cd140b,Medulla,0.026143790849673207,0.04344250542282708,0.6028674474523215,,0.0,153.0,12.0,0.0
m2_macrophage,activated_fibroblast_cd44,Cortex,0.05615384615384615,0.0994775045148675,1.012243792225996,,0.6363636363636364,130.0,11.0,0.2727272727272727
m2_macrophage,activated_fibroblast_cd44,Medulla,0.09738562091503268,0.16076885845559902,0.5842867097003986,,0.25,153.0,12.0,0.25
m2_macrophage,activated_immune,Cortex,0.03769230769230769,0.02224947691427637,1.355296777934709,,0.18181818181818182,130.0,11.0,0.18181818181818182
m2_macrophage,activated_immune,Medulla,0.00915032679738562,0.013845413572316334,0.45943562610229277,,0.0,153.0,12.0,0.0
m2_macrophage,activated_m2_cd140b,Cortex,0.02384615384615385,0.01672635714236776,1.509245958202417,,0.09090909090909091,130.0,11.0,0.0
m2_macrophage,activated_m2_cd140b,Medulla,0.03333333333333334,0.013744348603613066,3.6006707946336434,,0.25,153.0,12.0,0.16666666666666666
m2_macrophage,activated_m2_cd44,Cortex,0.11307692307692306,0.045848894193566025,2.6858003585483345,,0.36363636363636365,130.0,11.0,0.18181818181818182
m2_macrophage,activated_m2_cd44,Medulla,0.05359477124183006,0.031652923902690935,2.053859713113763,,0.16666666666666666,153.0,12.0,0.08333333333333333
m2_macrophage,activated_myeloid_cd140b,Cortex,0.008256880733944955,0.008566965652144942,0.47777522935779815,,0.1111111111111111,109.0,9.0,0.0
m2_macrophage,activated_myeloid_cd140b,Medulla,0.029285714285714283,0.010708526674294358,1.9841139455782313,,0.2,140.0,10.0,0.1
m2_macrophage,activated_myeloid_cd44,Cortex,0.01153846153846154,0.018822823025884533,1.0584782884813846,,0.09090909090909091,130.0,11.0,0.09090909090909091
m2_macrophage,activated_myeloid_cd44,Medulla,0.01699346405228758,0.012605106464774186,1.7059368191721136,,0.08333333333333333,153.0,12.0,0.0
m2_macrophage,endothelial,Cortex,0.03230769230769231,0.07399106276981215,0.32049941851143093,,0.2727272727272727,130.0,11.0,0.0
m2_macrophage,endothelial,Medulla,0.032679738562091505,0.07763183262241473,0.4069141558968219,,0.5,153.0,12.0,0.08333333333333333
m2_macrophage,fibroblast,Cortex,0.09615384615384616,0.11669130860162504,0.8547157384151378,-0.43534698712422587,0.18181818181818182,130.0,11.0,0.09090909090909091
m2_macrophage,fibroblast,Medulla,0.09084967320261438,0.09974948711899481,0.8598634855828131,,0.0,153.0,12.0,0.0
m2_macrophage,immune_cells,Cortex,0.20076923076923076,0.13123585280558023,1.5399865906617276,0.5676816394262059,0.45454545454545453,130.0,11.0,0.2727272727272727
m2_macrophage,immune_cells,Medulla,0.15098039215686276,0.1011409724035259,1.382608598568541,,0.4166666666666667,153.0,12.0,0.25
m2_macrophage,m2_macrophage,Cortex,0.1330769230769231,0.031845517240040255,4.269797573779006,,0.6363636363636364,130.0,11.0,0.45454545454545453
m2_macrophage,m2_macrophage,Medulla,0.16601307189542486,0.03945741291777439,3.619256339779216,,0.3333333333333333,153.0,12.0,0.3333333333333333
m2_macrophage,myeloid,Cortex,0.036923076923076927,0.015685975957663387,2.063339743589743,,0.36363636363636365,130.0,11.0,0.09090909090909091
m2_macrophage,myeloid,Medulla,0.07333333333333333,0.028395106442924298,2.971028625695293,,0.6,135.0,10.0,0.4
m2_macrophage,neutrophil,Cortex,0.15307692307692305,0.12283316530811972,1.2699062473853038,,0.18181818181818182,130.0,11.0,0.09090909090909091
m2_macrophage,neutrophil,Medulla,0.14444444444444443,0.11864000457437347,1.2010098718739182,,0.16666666666666666,153.0,12.0,0.16666666666666666
myeloid,activated_endothelial_cd140b,Cortex,0.028070175438596495,0.09989419494520864,0.35894570660928343,,0.25,114.0,12.0,0.16666666666666666
myeloid,activated_endothelial_cd140b,Medulla,0.04186046511627907,0.06883862052586993,0.7410015566038963,,0.2,129.0,10.0,0.2
myeloid,activated_endothelial_cd44,Cortex,0.05614035087719298,0.17729557701885704,0.3162615006915569,,0.5833333333333334,114.0,12.0,0.3333333333333333
myeloid,activated_endothelial_cd44,Medulla,0.09534883720930232,0.1599439134886164,0.5860296079663532,,0.3,129.0,10.0,0.2
myeloid,activated_fibroblast_cd140b,Cortex,0.03333333333333333,0.03518920356077973,0.9608678783550978,,0.0,114.0,12.0,0.0
myeloid,activated_fibroblast_cd140b,Medulla,0.037984496124031,0.05572374413901573,0.6834128328260707,,0.3,129.0,10.0,0.0
myeloid,activated_fibroblast_cd44,Cortex,0.03859649122807018,0.0895574471836455,0.46296066716172624,,0.3333333333333333,114.0,12.0,0.08333333333333333
myeloid,activated_fibroblast_cd44,Medulla,0.08604651162790697,0.15120128915755607,0.5650902506751899,,0.5,129.0,10.0,0.2
myeloid,activated_immune,Cortex,0.008771929824561403,0.02111581647095681,0.5028291017443515,,0.0,114.0,12.0,0.0
myeloid,activated_immune,Medulla,0.01007751937984496,0.018942347982792367,0.4122808023970814,,0.0,129.0,10.0,0.0
myeloid,activated_m2_cd140b,Cortex,0.01842105263157895,0.011569674187586669,2.3181744273601272,,0.0,114.0,12.0,0.0
myeloid,activated_m2_cd140b,Medulla,0.03023255813953488,0.012933981858935214,1.8005983952128384,,0.3,129.0,10.0,0.1
myeloid,activated_m2_cd44,Cortex,0.05789473684210526,0.04488465152418343,1.019997996002151,,0.16666666666666666,114.0,12.0,0.0
myeloid,activated_m2_cd44,Medulla,0.027906976744186043,0.024704975689245984,1.1452716435411372,,0.2,129.0,10.0,0.1
myeloid,activated_myeloid_cd140b,Cortex,0.03069306930693069,0.012167453921623914,2.968003300330033,,0.4,101.0,10.0,0.2
myeloid,activated_myeloid_cd140b,Medulla,0.05377358490566038,0.016634186521390166,3.9381850853548963,,0.5,106.0,8.0,0.375
myeloid,activated_myeloid_cd44,Cortex,0.059649122807017535,0.02463794852621543,1.7587435274202017,,0.25,114.0,12.0,0.25
myeloid,activated_myeloid_cd44,Medulla,0.029457364341085274,0.014644090993963074,2.216563922726713,,0.4,129.0,10.0,0.1
myeloid,endothelial,Cortex,0.03859649122807017,0.07498254869173045,0.40874299646145634,,0.25,114.0,12.0,0.08333333333333333
myeloid,endothelial,Medulla,0.05271317829457365,0.07552049988172539,0.6965081061210654,-0.6318223619829778,0.1,129.0,10.0,0.0
myeloid,fibroblast,Cortex,0.11754385964912281,0.1177287796685497,1.0278421408039953,,0.16666666666666666,114.0,12.0,0.16666666666666666
myeloid,fibroblast,Medulla,0.10155038759689922,0.12021816560404602,0.797917682769216,-0.47963664544004836,0.1,129.0,10.0,0.1
myeloid,immune_cells,Cortex,0.2535087719298246,0.13277353465391753,2.1053720657603496,0.8329042174694026,0.5833333333333334,114.0,12.0,0.5
myeloid,immune_cells,Medulla,0.1511627906976744,0.1041734635768125,1.5619920906049327,0.5247155250738176,0.4,129.0,10.0,0.3
myeloid,m2_macrophage,Cortex,0.04807692307692308,0.019607469947079233,2.6108273396585733,,0.2727272727272727,104.0,11.0,0.09090909090909091
myeloid,m2_macrophage,Medulla,0.08217054263565891,0.02971580906817659,3.4071515852911203,,0.6,129.0,10.0,0.2
myeloid,myeloid,Cortex,0.13771929824561402,0.022207256416427533,6.298104288499026,,0.6666666666666666,114.0,12.0,0.5
myeloid,myeloid,Medulla,0.10310077519379846,0.031068608573774217,3.7378760171783427,1.677035255523759,0.8,129.0,10.0,0.6
myeloid,neutrophil,Cortex,0.0807017543859649,0.11949591346264106,0.6134421595619192,,0.08333333333333333,114.0,12.0,0.0
myeloid,neutrophil,Medulla,0.10620155038759689,0.11870208813181658,0.9415899052918709,,0.1,129.0,10.0,0.1
neutrophil,activated_endothelial_cd140b,Cortex,0.04030898876404494,0.0938221936742383,0.46488749032441107,-1.206362455757164,0.5833333333333334,712.0,12.0,0.3333333333333333
neutrophil,activated_endothelial_cd140b,Medulla,0.03174603174603175,0.08035741871034585,0.41293098451625526,,0.5,819.0,12.0,0.4166666666666667
neutrophil,activated_endothelial_cd44,Cortex,0.08132022471910111,0.17368988161075952,0.49312212518155846,-1.0811479819219894,0.6666666666666666,712.0,12.0,0.5
neutrophil,activated_endothelial_cd44,Medulla,0.073992673992674,0.1704295298949024,0.4675098545009835,-1.24199851301937,0.8333333333333334,819.0,12.0,0.6666666666666666
neutrophil,activated_fibroblast_cd140b,Cortex,0.020786516853932586,0.03707163764883226,0.5064081759111267,-1.1065201646068545,0.16666666666666666,712.0,12.0,0.0
neutrophil,activated_fibroblast_cd140b,Medulla,0.03724053724053725,0.05126517904291346,0.7443519001992007,-0.6058055873311918,0.16666666666666666,819.0,12.0,0.16666666666666666
neutrophil,activated_fibroblast_cd44,Cortex,0.08005617977528091,0.09823682110819129,0.7676352298944535,-0.5053567244181404,0.3333333333333333,712.0,12.0,0.0
neutrophil,activated_fibroblast_cd44,Medulla,0.10256410256410259,0.11927567667040169,0.9372408538750082,-0.15156809382159553,0.16666666666666666,819.0,12.0,0.16666666666666666
neutrophil,activated_immune,Cortex,0.028511235955056186,0.024488941239540738,1.2210080190669428,,0.25,712.0,12.0,0.08333333333333333
neutrophil,activated_immune,Medulla,0.0231990231990232,0.016581081001789365,1.6775276401466879,0.5207057020741437,0.25,819.0,12.0,0.25
neutrophil,activated_m2_cd140b,Cortex,0.013202247191011237,0.00980401163616082,1.3725128702850575,,0.16666666666666666,712.0,12.0,0.0
neutrophil,activated_m2_cd140b,Medulla,0.011477411477411477,0.011196258086525114,0.9958325300430564,,0.0,819.0,12.0,0.0
neutrophil,activated_m2_cd44,Cortex,0.031741573033707865,0.04191518292654627,0.9323573621086187,,0.16666666666666666,712.0,12.0,0.08333333333333333
neutrophil,activated_m2_cd44,Medulla,0.032844932844932846,0.02828466875910488,1.087599969843911,-0.02114601464272475,0.16666666666666666,819.0,12.0,0.08333333333333333
neutrophil,activated_myeloid_cd140b,Cortex,0.012749615975422427,0.010486537574257061,0.8803225806451611,,0.0,651.0,10.0,0.0
neutrophil,activated_myeloid_cd140b,Medulla,0.01025260029717682,0.010510874345223431,0.777190263921319,,0.2,673.0,10.0,0.1
neutrophil,activated_myeloid_cd44,Cortex,0.02415730337078652,0.020786284207221947,1.4635816144169083,,0.16666666666666666,712.0,12.0,0.08333333333333333
neutrophil,activated_myeloid_cd44,Medulla,0.01623931623931624,0.017249539563357494,0.8836528286528287,,0.08333333333333333,819.0,12.0,0.08333333333333333
neutrophil,endothelial,Cortex,0.03890449438202247,0.0861856912344941,0.40440629014145535,-1.5317396703311166,0.5833333333333334,712.0,12.0,0.3333333333333333
neutrophil,endothelial,Medulla,0.03760683760683761,0.08722629286908751,0.4386671721224547,-1.2802048278206823,0.6666666666666666,819.0,12.0,0.5833333333333334
neutrophil,fibroblast,Cortex,0.07457865168539327,0.10665228221070143,0.7753392006672861,-0.451977364013287,0.5833333333333334,712.0,12.0,0.16666666666666666
neutrophil,fibroblast,Medulla,0.0877899877899878,0.11408619084985483,0.7302674778560222,-0.5105746717674899,0.3333333333333333,819.0,12.0,0.0
neutrophil,immune_cells,Cortex,0.12275280898876403,0.12191975677622745,1.0004009969720997,-0.06800651308718707,0.08333333333333333,712.0,12.0,0.08333333333333333
neutrophil,immune_cells,Medulla,0.12222222222222222,0.12179686891002232,1.0147905017551149,-0.012577721128594059,0.08333333333333333,819.0,12.0,0.0
neutrophil,m2_macrophage,Cortex,0.031006493506493503,0.02592258358775254,1.393214952824083,,0.2727272727272727,616.0,11.0,0.09090909090909091
neutrophil,m2_macrophage,Medulla,0.026862026862026864,0.02216351733806977,1.1932740927979022,,0.25,819.0,12.0,0.08333333333333333
neutrophil,myeloid,Cortex,0.013202247191011237,0.019132772661153204,0.5820969881398251,,0.0,712.0,12.0,0.0
neutrophil,myeloid,Medulla,0.023343373493975902,0.02306109844729569,1.0094016086824822,,0.2,664.0,10.0,0.0
neutrophil,neutrophil,Cortex,0.39199438202247194,0.1342790269832123,3.103137342879231,1.5710418371943797,0.8333333333333334,712.0,12.0,0.8333333333333334
neutrophil,neutrophil,Medulla,0.3688644688644689,0.13275397146194065,2.8228162305957314,1.47762321649834,1.0,819.0,12.0,1.0
